Insert into FOMM_AUTH_MENU_DT (AUTH_ID,MENU_ID,READ_YN,WRITE_YN,DELETE_YN,EXCL_DOWN_YN,REPORT_PRNT_YN,FILE_UP_YN,FRID,FRDT,LMID,LMDT,LMPID) values ('SPP_DEV','1','Y','N','N','N','N','N','1','20230418165712','1','20230418165712',null);
Insert into FOMM_AUTH_MENU_DT (AUTH_ID,MENU_ID,READ_YN,WRITE_YN,DELETE_YN,EXCL_DOWN_YN,REPORT_PRNT_YN,FILE_UP_YN,FRID,FRDT,LMID,LMDT,LMPID) values ('SPP_DEV','2','Y','N','N','N','N','N','1','20230418165712','1','20230418165712',null);
Insert into FOMM_AUTH_MENU_DT (AUTH_ID,MENU_ID,READ_YN,WRITE_YN,DELETE_YN,EXCL_DOWN_YN,REPORT_PRNT_YN,FILE_UP_YN,FRID,FRDT,LMID,LMDT,LMPID) values ('SPP_DEV','3','Y','Y','Y','Y','N','N','1','20230418165712','1','20230504102635','FOMM0130_W');
Insert into FOMM_AUTH_MENU_DT (AUTH_ID,MENU_ID,READ_YN,WRITE_YN,DELETE_YN,EXCL_DOWN_YN,REPORT_PRNT_YN,FILE_UP_YN,FRID,FRDT,LMID,LMDT,LMPID) values ('SPP_ADM','1','Y','N','N','N','N','N',null,'20230420103532',null,'20230420103532',null);
Insert into FOMM_AUTH_MENU_DT (AUTH_ID,MENU_ID,READ_YN,WRITE_YN,DELETE_YN,EXCL_DOWN_YN,REPORT_PRNT_YN,FILE_UP_YN,FRID,FRDT,LMID,LMDT,LMPID) values ('SPP_ADM','2','Y','N','N','N','N','N',null,'20230420103532','1','20230421133829',null);
Insert into FOMM_AUTH_MENU_DT (AUTH_ID,MENU_ID,READ_YN,WRITE_YN,DELETE_YN,EXCL_DOWN_YN,REPORT_PRNT_YN,FILE_UP_YN,FRID,FRDT,LMID,LMDT,LMPID) values ('SPP_ADM','3','Y','N','N','N','N','N',null,'20230420103532','1','20230421133829',null);
Insert into FOMM_AUTH_MENU_DT (AUTH_ID,MENU_ID,READ_YN,WRITE_YN,DELETE_YN,EXCL_DOWN_YN,REPORT_PRNT_YN,FILE_UP_YN,FRID,FRDT,LMID,LMDT,LMPID) values ('SPP_DEV','11','Y','Y','Y','N','N','N','1','20230425131933','1','20230425165508',null);
Insert into FOMM_AUTH_MENU_DT (AUTH_ID,MENU_ID,READ_YN,WRITE_YN,DELETE_YN,EXCL_DOWN_YN,REPORT_PRNT_YN,FILE_UP_YN,FRID,FRDT,LMID,LMDT,LMPID) values ('SPP_DEV','12','Y','Y','Y','N','N','N','1','20230515164557','1','20230515164557','FOMM0130_W');
Insert into FOMM_AUTH_MENU_DT (AUTH_ID,MENU_ID,READ_YN,WRITE_YN,DELETE_YN,EXCL_DOWN_YN,REPORT_PRNT_YN,FILE_UP_YN,FRID,FRDT,LMID,LMDT,LMPID) values ('SPP_DEV','6','Y','Y','Y','N','N','N','1','20230419184207','1','20230421133743',null);
Insert into FOMM_AUTH_MENU_DT (AUTH_ID,MENU_ID,READ_YN,WRITE_YN,DELETE_YN,EXCL_DOWN_YN,REPORT_PRNT_YN,FILE_UP_YN,FRID,FRDT,LMID,LMDT,LMPID) values ('SPP_DEV','4','Y','N','N','N','N','N','1','20230419184207','1','20230419184207',null);
Insert into FOMM_AUTH_MENU_DT (AUTH_ID,MENU_ID,READ_YN,WRITE_YN,DELETE_YN,EXCL_DOWN_YN,REPORT_PRNT_YN,FILE_UP_YN,FRID,FRDT,LMID,LMDT,LMPID) values ('SPP_DEV','5','Y','Y','Y','N','N','N','1','20230419184207','1','20230421133743',null);
Insert into FOMM_AUTH_MENU_DT (AUTH_ID,MENU_ID,READ_YN,WRITE_YN,DELETE_YN,EXCL_DOWN_YN,REPORT_PRNT_YN,FILE_UP_YN,FRID,FRDT,LMID,LMDT,LMPID) values ('SPP_DEV','7','Y','N','N','N','N','N','1','20230419184207','1','20230419184207',null);
Insert into FOMM_AUTH_MENU_DT (AUTH_ID,MENU_ID,READ_YN,WRITE_YN,DELETE_YN,EXCL_DOWN_YN,REPORT_PRNT_YN,FILE_UP_YN,FRID,FRDT,LMID,LMDT,LMPID) values ('SPP_DEV','8','Y','Y','Y','N','N','N','1','20230419184207','1','20230421133743',null);
Insert into FOMM_AUTH_MENU_DT (AUTH_ID,MENU_ID,READ_YN,WRITE_YN,DELETE_YN,EXCL_DOWN_YN,REPORT_PRNT_YN,FILE_UP_YN,FRID,FRDT,LMID,LMDT,LMPID) values ('SPP_DEV','9','Y','N','N','N','N','N','1','20230421133743','1','20230421133743',null);
Insert into FOMM_AUTH_MENU_DT (AUTH_ID,MENU_ID,READ_YN,WRITE_YN,DELETE_YN,EXCL_DOWN_YN,REPORT_PRNT_YN,FILE_UP_YN,FRID,FRDT,LMID,LMDT,LMPID) values ('SPP_DEV','10','Y','Y','Y','N','N','N','1','20230421133743','1','20230421133815',null);
Insert into FOMM_AUTH_MENU_DT (AUTH_ID,MENU_ID,READ_YN,WRITE_YN,DELETE_YN,EXCL_DOWN_YN,REPORT_PRNT_YN,FILE_UP_YN,FRID,FRDT,LMID,LMDT,LMPID) values ('SPP_ADM','4','Y','N','N','N','N','N','1','20230421133829','1','20230421133829',null);
Insert into FOMM_AUTH_MENU_DT (AUTH_ID,MENU_ID,READ_YN,WRITE_YN,DELETE_YN,EXCL_DOWN_YN,REPORT_PRNT_YN,FILE_UP_YN,FRID,FRDT,LMID,LMDT,LMPID) values ('SPP_ADM','5','Y','N','N','N','N','N','1','20230421133829','1','20230421133829',null);
Insert into FOMM_AUTH_MENU_DT (AUTH_ID,MENU_ID,READ_YN,WRITE_YN,DELETE_YN,EXCL_DOWN_YN,REPORT_PRNT_YN,FILE_UP_YN,FRID,FRDT,LMID,LMDT,LMPID) values ('SPP_ADM','6','Y','N','N','N','N','N','1','20230421133829','1','20230421133829',null);
Insert into FOMM_AUTH_MENU_DT (AUTH_ID,MENU_ID,READ_YN,WRITE_YN,DELETE_YN,EXCL_DOWN_YN,REPORT_PRNT_YN,FILE_UP_YN,FRID,FRDT,LMID,LMDT,LMPID) values ('SPP_ADM','7','Y','N','N','N','N','N','1','20230421133829','1','20230421133829',null);
Insert into FOMM_AUTH_MENU_DT (AUTH_ID,MENU_ID,READ_YN,WRITE_YN,DELETE_YN,EXCL_DOWN_YN,REPORT_PRNT_YN,FILE_UP_YN,FRID,FRDT,LMID,LMDT,LMPID) values ('SPP_ADM','8','Y','N','N','N','N','N','1','20230421133829','1','20230421133829',null);
Insert into FOMM_AUTH_MENU_DT (AUTH_ID,MENU_ID,READ_YN,WRITE_YN,DELETE_YN,EXCL_DOWN_YN,REPORT_PRNT_YN,FILE_UP_YN,FRID,FRDT,LMID,LMDT,LMPID) values ('SPP_ADM','9','N','N','N','N','N','N','1','20230421133829','1','20230425165501',null);
Insert into FOMM_AUTH_MENU_DT (AUTH_ID,MENU_ID,READ_YN,WRITE_YN,DELETE_YN,EXCL_DOWN_YN,REPORT_PRNT_YN,FILE_UP_YN,FRID,FRDT,LMID,LMDT,LMPID) values ('SPP_ADM','10','N','N','N','N','N','N','1','20230421133829','1','20230425165501',null);

Insert into FOMM_AUTH_MT (AUTH_ID,AUTH_NM,AUTH_TYPE_CD,ADMIN_YN,USE_YN,RMK,FRID,FRDT,LMID,LMDT,LMPID) values ('SPP_DEV','SPP개발팀','AUTH_T02','Y','Y',null,'1','20230413150920','1','20230419125359',null);
Insert into FOMM_AUTH_MT (AUTH_ID,AUTH_NM,AUTH_TYPE_CD,ADMIN_YN,USE_YN,RMK,FRID,FRDT,LMID,LMDT,LMPID) values ('SPP_ADM','SPP관리자','AUTH_T02','Y','Y',null,'1','20230413150920','1','20230419125359',null);

Insert into FOMM_AUTH_USER_DT (AUTH_ID,USER_ID,FRID,FRDT,LMID,LMDT,LMPID,RMK) values ('SPP_DEV','2','1','20230418142110','1','20230418142110',null,null);
Insert into FOMM_AUTH_USER_DT (AUTH_ID,USER_ID,FRID,FRDT,LMID,LMDT,LMPID,RMK) values ('SPP_DEV','1','1','20230417090200','1','20230417090200',null,null);

Insert into FOMM_CMM_CD_MT (CD_NO,UP_CD_NO,CD_LVL,CMM_CD,UP_CMM_CD,CMM_CD_NM,CMM_CD_DESC,ITM_VAL_1,ITM_VAL_2,ITM_VAL_3,ITM_VAL_4,ITM_VAL_5,CODE_DIV,SORT_ORDR,USE_YN,RMK,FRID,FRDT,LMID,LMDT,LMPID) values ('16','2',2,'MSG_TYPE_CD','CMM_CD','SPP메시지타입코드',null,null,null,null,null,null,'CMM_CD',7,'Y',null,'1','20230518180840','1','20230518180840','FOMM0150_W');
Insert into FOMM_CMM_CD_MT (CD_NO,UP_CD_NO,CD_LVL,CMM_CD,UP_CMM_CD,CMM_CD_NM,CMM_CD_DESC,ITM_VAL_1,ITM_VAL_2,ITM_VAL_3,ITM_VAL_4,ITM_VAL_5,CODE_DIV,SORT_ORDR,USE_YN,RMK,FRID,FRDT,LMID,LMDT,LMPID) values ('17','16',3,'MSG_TYPE_01','MSG_TYPE_CD','메뉴명',null,'0','10000',null,null,null,'CMM_CD',1,'Y',null,'1','20230518180951','1','20230518180951','FOMM0150_W');
Insert into FOMM_CMM_CD_MT (CD_NO,UP_CD_NO,CD_LVL,CMM_CD,UP_CMM_CD,CMM_CD_NM,CMM_CD_DESC,ITM_VAL_1,ITM_VAL_2,ITM_VAL_3,ITM_VAL_4,ITM_VAL_5,CODE_DIV,SORT_ORDR,USE_YN,RMK,FRID,FRDT,LMID,LMDT,LMPID) values ('18','16',3,'MSG_TYPE_02','MSG_TYPE_CD','SPP 코드',null,'10001','20000',null,null,null,'CMM_CD',2,'Y',null,'1','20230518180951','1','20230518180951','FOMM0150_W');
Insert into FOMM_CMM_CD_MT (CD_NO,UP_CD_NO,CD_LVL,CMM_CD,UP_CMM_CD,CMM_CD_NM,CMM_CD_DESC,ITM_VAL_1,ITM_VAL_2,ITM_VAL_3,ITM_VAL_4,ITM_VAL_5,CODE_DIV,SORT_ORDR,USE_YN,RMK,FRID,FRDT,LMID,LMDT,LMPID) values ('19','16',3,'MSG_TYPE_03','MSG_TYPE_CD','업무코드',null,'20001',null,null,null,null,'CMM_CD',3,'Y',null,'1','20230518180951','1','20230518180951','FOMM0150_W');
Insert into FOMM_CMM_CD_MT (CD_NO,UP_CD_NO,CD_LVL,CMM_CD,UP_CMM_CD,CMM_CD_NM,CMM_CD_DESC,ITM_VAL_1,ITM_VAL_2,ITM_VAL_3,ITM_VAL_4,ITM_VAL_5,CODE_DIV,SORT_ORDR,USE_YN,RMK,FRID,FRDT,LMID,LMDT,LMPID) values ('9','6',3,'EN','LANG_CD','영어',null,'url(''theme://SPP_IMAGE_SET/TPF/btn_TPF_lang_EN.png'')',null,null,null,null,'CMM_CD',2,'Y',null,'1','20230425124030','1','20230518031433','FOMM0150_W');
Insert into FOMM_CMM_CD_MT (CD_NO,UP_CD_NO,CD_LVL,CMM_CD,UP_CMM_CD,CMM_CD_NM,CMM_CD_DESC,ITM_VAL_1,ITM_VAL_2,ITM_VAL_3,ITM_VAL_4,ITM_VAL_5,CODE_DIV,SORT_ORDR,USE_YN,RMK,FRID,FRDT,LMID,LMDT,LMPID) values ('10','6',3,'CN','LANG_CD','중국어',null,'url(''theme://SPP_IMAGE_SET/TPF/btn_TPF_lang_CN.png'')',null,null,null,null,'CMM_CD',4,'Y',null,'1','20230425124030','1','20230518031433','FOMM0150_W');
Insert into FOMM_CMM_CD_MT (CD_NO,UP_CD_NO,CD_LVL,CMM_CD,UP_CMM_CD,CMM_CD_NM,CMM_CD_DESC,ITM_VAL_1,ITM_VAL_2,ITM_VAL_3,ITM_VAL_4,ITM_VAL_5,CODE_DIV,SORT_ORDR,USE_YN,RMK,FRID,FRDT,LMID,LMDT,LMPID) values ('1','0',0,'ROOT',null,'코드관리',null,null,null,null,null,null,'ROOT',1,'Y',null,'SYSTEM','20230417181230','SYSTEM','20230417181230','SYSTEM');
Insert into FOMM_CMM_CD_MT (CD_NO,UP_CD_NO,CD_LVL,CMM_CD,UP_CMM_CD,CMM_CD_NM,CMM_CD_DESC,ITM_VAL_1,ITM_VAL_2,ITM_VAL_3,ITM_VAL_4,ITM_VAL_5,CODE_DIV,SORT_ORDR,USE_YN,RMK,FRID,FRDT,LMID,LMDT,LMPID) values ('2','1',1,'CMM_CD','ROOT','공통코드',null,null,null,null,null,null,'CMM_CD',1,'Y',null,'SYSTEM','20230417181230','SYSTEM','20230417181230','SYSTEM');
Insert into FOMM_CMM_CD_MT (CD_NO,UP_CD_NO,CD_LVL,CMM_CD,UP_CMM_CD,CMM_CD_NM,CMM_CD_DESC,ITM_VAL_1,ITM_VAL_2,ITM_VAL_3,ITM_VAL_4,ITM_VAL_5,CODE_DIV,SORT_ORDR,USE_YN,RMK,FRID,FRDT,LMID,LMDT,LMPID) values ('3','2',2,'YN_CD','CMM_CD','YN코드',null,null,null,null,null,null,'CMM_CD',1,'Y',null,'SYSTEM','20230417181230','1','20230421131932',null);
Insert into FOMM_CMM_CD_MT (CD_NO,UP_CD_NO,CD_LVL,CMM_CD,UP_CMM_CD,CMM_CD_NM,CMM_CD_DESC,ITM_VAL_1,ITM_VAL_2,ITM_VAL_3,ITM_VAL_4,ITM_VAL_5,CODE_DIV,SORT_ORDR,USE_YN,RMK,FRID,FRDT,LMID,LMDT,LMPID) values ('4','3',3,'Y','YN_CD','예',null,null,null,null,null,null,'CMM_CD',1,'Y',null,'SYSTEM','20230417181230','1','20230425171959',null);
Insert into FOMM_CMM_CD_MT (CD_NO,UP_CD_NO,CD_LVL,CMM_CD,UP_CMM_CD,CMM_CD_NM,CMM_CD_DESC,ITM_VAL_1,ITM_VAL_2,ITM_VAL_3,ITM_VAL_4,ITM_VAL_5,CODE_DIV,SORT_ORDR,USE_YN,RMK,FRID,FRDT,LMID,LMDT,LMPID) values ('5','3',3,'N','YN_CD','아니오',null,null,null,null,null,null,'CMM_CD',2,'Y',null,'SYSTEM','20230417181230','SYSTEM','20230417181230','SYSTEM');
Insert into FOMM_CMM_CD_MT (CD_NO,UP_CD_NO,CD_LVL,CMM_CD,UP_CMM_CD,CMM_CD_NM,CMM_CD_DESC,ITM_VAL_1,ITM_VAL_2,ITM_VAL_3,ITM_VAL_4,ITM_VAL_5,CODE_DIV,SORT_ORDR,USE_YN,RMK,FRID,FRDT,LMID,LMDT,LMPID) values ('6','2',2,'LANG_CD','CMM_CD','언어코드',null,null,null,null,null,null,'CMM_CD',6,'Y',null,'SYSTEM','20230417181455','1','20230421131932',null);
Insert into FOMM_CMM_CD_MT (CD_NO,UP_CD_NO,CD_LVL,CMM_CD,UP_CMM_CD,CMM_CD_NM,CMM_CD_DESC,ITM_VAL_1,ITM_VAL_2,ITM_VAL_3,ITM_VAL_4,ITM_VAL_5,CODE_DIV,SORT_ORDR,USE_YN,RMK,FRID,FRDT,LMID,LMDT,LMPID) values ('7','6',3,'KR','LANG_CD','한국어',null,'url(''theme://SPP_IMAGE_SET/TPF/btn_TPF_lang_KR.png'')',null,null,null,null,'CMM_CD',1,'Y',null,'SYSTEM','20230417181455','1','20230518030613','FOMM0150_W');
Insert into FOMM_CMM_CD_MT (CD_NO,UP_CD_NO,CD_LVL,CMM_CD,UP_CMM_CD,CMM_CD_NM,CMM_CD_DESC,ITM_VAL_1,ITM_VAL_2,ITM_VAL_3,ITM_VAL_4,ITM_VAL_5,CODE_DIV,SORT_ORDR,USE_YN,RMK,FRID,FRDT,LMID,LMDT,LMPID) values ('8','6',3,'JP','LANG_CD','일본어',null,'url(''theme://SPP_IMAGE_SET/TPF/btn_TPF_lang_JP.png'')',null,null,null,null,'CMM_CD',3,'Y',null,'SYSTEM','20230417181455','1','20230518031433','FOMM0150_W');
Insert into FOMM_CMM_CD_MT (CD_NO,UP_CD_NO,CD_LVL,CMM_CD,UP_CMM_CD,CMM_CD_NM,CMM_CD_DESC,ITM_VAL_1,ITM_VAL_2,ITM_VAL_3,ITM_VAL_4,ITM_VAL_5,CODE_DIV,SORT_ORDR,USE_YN,RMK,FRID,FRDT,LMID,LMDT,LMPID) values ('12','2',2,'AUTH_TYPE_CD','CMM_CD','권한그룹유형코드',null,null,null,null,null,null,'CMM_CD',2,'Y',null,'SYSTEM','20230418142513','1','20230421131932',null);
Insert into FOMM_CMM_CD_MT (CD_NO,UP_CD_NO,CD_LVL,CMM_CD,UP_CMM_CD,CMM_CD_NM,CMM_CD_DESC,ITM_VAL_1,ITM_VAL_2,ITM_VAL_3,ITM_VAL_4,ITM_VAL_5,CODE_DIV,SORT_ORDR,USE_YN,RMK,FRID,FRDT,LMID,LMDT,LMPID) values ('13','12',3,'AUTH_T01','AUTH_TYPE_CD','본부',null,null,null,null,null,null,'CMM_CD',1,'Y',null,'SYSTEM','20230418142718','SYSTEM','20230418142718','SYSTEM');
Insert into FOMM_CMM_CD_MT (CD_NO,UP_CD_NO,CD_LVL,CMM_CD,UP_CMM_CD,CMM_CD_NM,CMM_CD_DESC,ITM_VAL_1,ITM_VAL_2,ITM_VAL_3,ITM_VAL_4,ITM_VAL_5,CODE_DIV,SORT_ORDR,USE_YN,RMK,FRID,FRDT,LMID,LMDT,LMPID) values ('14','12',3,'AUTH_T02','AUTH_TYPE_CD','IT본부',null,null,null,null,null,null,'CMM_CD',2,'Y',null,'SYSTEM','20230418142718','SYSTEM','20230418142718','SYSTEM');
Insert into FOMM_CMM_CD_MT (CD_NO,UP_CD_NO,CD_LVL,CMM_CD,UP_CMM_CD,CMM_CD_NM,CMM_CD_DESC,ITM_VAL_1,ITM_VAL_2,ITM_VAL_3,ITM_VAL_4,ITM_VAL_5,CODE_DIV,SORT_ORDR,USE_YN,RMK,FRID,FRDT,LMID,LMDT,LMPID) values ('15','12',3,'AUTH_T03','AUTH_TYPE_CD','외주',null,null,null,null,null,null,'CMM_CD',3,'Y',null,'SYSTEM','20230418142718','SYSTEM','20230418142718','SYSTEM');

Insert into FOMM_CMM_MSG_MT (MSG_NO,LANG_CD,MSG_CONTS,RMK,FRID,FRDT,LMID,LMDT,LMPID) values ('10009','KR','{0}개까지 추가할 수 있습니다.',null,'1','20230515153428','1','20230515155700',null);
Insert into FOMM_CMM_MSG_MT (MSG_NO,LANG_CD,MSG_CONTS,RMK,FRID,FRDT,LMID,LMDT,LMPID) values ('11027','KR','{0}은(는) 입력값이 중복되었습니다.',null,'SYSTEM','20230518150742','SYSTEM','20230518150742','SYSTEM');
Insert into FOMM_CMM_MSG_MT (MSG_NO,LANG_CD,MSG_CONTS,RMK,FRID,FRDT,LMID,LMDT,LMPID) values ('11028','KR','{0}은(는) 중복된 단어입니다.',null,'SYSTEM','20230518150742','SYSTEM','20230518150742','SYSTEM');
Insert into FOMM_CMM_MSG_MT (MSG_NO,LANG_CD,MSG_CONTS,RMK,FRID,FRDT,LMID,LMDT,LMPID) values ('10007','KR','세션이 종료되었습니다.',null,null,null,'1',null,null);
Insert into FOMM_CMM_MSG_MT (MSG_NO,LANG_CD,MSG_CONTS,RMK,FRID,FRDT,LMID,LMDT,LMPID) values ('11003','KR','{0}은(는) 최소 [{1}] 이상으로 입력해야 합니다.',null,null,null,'2','20230518141754',null);
Insert into FOMM_CMM_MSG_MT (MSG_NO,LANG_CD,MSG_CONTS,RMK,FRID,FRDT,LMID,LMDT,LMPID) values ('11005','KR','{0}의 길이는 {1}자 이상 입력해야 합니다.',null,null,null,'2','20230518141822',null);
Insert into FOMM_CMM_MSG_MT (MSG_NO,LANG_CD,MSG_CONTS,RMK,FRID,FRDT,LMID,LMDT,LMPID) values ('11006','KR','{0}의 길이는 {1}자까지 입력 가능합니다.',null,null,null,'2','20230518141831',null);
Insert into FOMM_CMM_MSG_MT (MSG_NO,LANG_CD,MSG_CONTS,RMK,FRID,FRDT,LMID,LMDT,LMPID) values ('11009','KR','{0}은(는) [E-MAIL] 입력 형식이 올바르지 않습니다.',null,null,null,'2','20230518141852',null);
Insert into FOMM_CMM_MSG_MT (MSG_NO,LANG_CD,MSG_CONTS,RMK,FRID,FRDT,LMID,LMDT,LMPID) values ('11010','KR','{0}은(는) [전화번호] 입력 형식이 올바르지 않습니다.',null,null,null,'2','20230518141900',null);
Insert into FOMM_CMM_MSG_MT (MSG_NO,LANG_CD,MSG_CONTS,RMK,FRID,FRDT,LMID,LMDT,LMPID) values ('11011','KR','{0}은(는) [핸드폰번호] 입력 형식이 올바르지 않습니다.',null,null,null,'2','20230518141904',null);
Insert into FOMM_CMM_MSG_MT (MSG_NO,LANG_CD,MSG_CONTS,RMK,FRID,FRDT,LMID,LMDT,LMPID) values ('11013','KR','{0}은(는) [IP주소] 형식이 올바르지 않습니다.',null,null,null,'2','20230518141912',null);
Insert into FOMM_CMM_MSG_MT (MSG_NO,LANG_CD,MSG_CONTS,RMK,FRID,FRDT,LMID,LMDT,LMPID) values ('11014','KR','{0}은(는) [주민번호] 입력값이 올바르지 않습니다.',null,null,null,'2','20230518141916',null);
Insert into FOMM_CMM_MSG_MT (MSG_NO,LANG_CD,MSG_CONTS,RMK,FRID,FRDT,LMID,LMDT,LMPID) values ('11015','KR','{0}은(는) [사업자번호] 입력값이 올바르지 않습니다.',null,null,null,'2','20230518141920',null);
Insert into FOMM_CMM_MSG_MT (MSG_NO,LANG_CD,MSG_CONTS,RMK,FRID,FRDT,LMID,LMDT,LMPID) values ('11017','KR','{0}은(는) [년도] 입력 형식이 올바르지 않습니다.',null,null,null,'2','20230518141928',null);
Insert into FOMM_CMM_MSG_MT (MSG_NO,LANG_CD,MSG_CONTS,RMK,FRID,FRDT,LMID,LMDT,LMPID) values ('11020','KR','{0}은(는) [날짜/시간] 입력 형식이 올바르지 않습니다.',null,null,null,'2','20230518141943',null);
Insert into FOMM_CMM_MSG_MT (MSG_NO,LANG_CD,MSG_CONTS,RMK,FRID,FRDT,LMID,LMDT,LMPID) values ('11021','KR','{0}은(는) [날짜/시간/분] 입력 형식이 올바르지 않습니다.',null,null,null,'2','20230518141947',null);
Insert into FOMM_CMM_MSG_MT (MSG_NO,LANG_CD,MSG_CONTS,RMK,FRID,FRDT,LMID,LMDT,LMPID) values ('11024','KR','{0}은(는) [시간/분] 입력 형식이 올바르지 않습니다.',null,null,null,'2','20230518141959',null);
Insert into FOMM_CMM_MSG_MT (MSG_NO,LANG_CD,MSG_CONTS,RMK,FRID,FRDT,LMID,LMDT,LMPID) values ('11025','KR','{0}은(는) [시간/분/초] 입력 형식이 올바르지 않습니다.',null,null,null,'2','20230518142002',null);
Insert into FOMM_CMM_MSG_MT (MSG_NO,LANG_CD,MSG_CONTS,RMK,FRID,FRDT,LMID,LMDT,LMPID) values ('4','EN','Menu Authority',null,'1','20230518123030','1','20230518123215',null);
Insert into FOMM_CMM_MSG_MT (MSG_NO,LANG_CD,MSG_CONTS,RMK,FRID,FRDT,LMID,LMDT,LMPID) values ('6','EN','Menu Authority by Group',null,'1','20230518123152','1','20230518123233',null);
Insert into FOMM_CMM_MSG_MT (MSG_NO,LANG_CD,MSG_CONTS,RMK,FRID,FRDT,LMID,LMDT,LMPID) values ('7','EN','Menu',null,'1','20230518123243','1','20230518123243',null);
Insert into FOMM_CMM_MSG_MT (MSG_NO,LANG_CD,MSG_CONTS,RMK,FRID,FRDT,LMID,LMDT,LMPID) values ('10','EN','SPP Code',null,'1','20230518123338','1','20230518123338',null);
Insert into FOMM_CMM_MSG_MT (MSG_NO,LANG_CD,MSG_CONTS,RMK,FRID,FRDT,LMID,LMDT,LMPID) values ('2','EN','User',null,'1','20230518122900','1','20230518123200',null);
Insert into FOMM_CMM_MSG_MT (MSG_NO,LANG_CD,MSG_CONTS,RMK,FRID,FRDT,LMID,LMDT,LMPID) values ('11001','KR','{0}은(는) 필수 입력 항목입니다.',null,null,null,'2','20230518153513',null);
Insert into FOMM_CMM_MSG_MT (MSG_NO,LANG_CD,MSG_CONTS,RMK,FRID,FRDT,LMID,LMDT,LMPID) values ('11002','KR','{0}은(는) 숫자만 입력 가능합니다.',null,null,null,'2','20230518141802',null);
Insert into FOMM_CMM_MSG_MT (MSG_NO,LANG_CD,MSG_CONTS,RMK,FRID,FRDT,LMID,LMDT,LMPID) values ('11004','KR','{0}은(는) 최대 [{1}] 까지만 입력가능 합니다.',null,null,null,'2','20230518141815',null);
Insert into FOMM_CMM_MSG_MT (MSG_NO,LANG_CD,MSG_CONTS,RMK,FRID,FRDT,LMID,LMDT,LMPID) values ('11007','KR','{0}의 길이는 {1} byte 이상 입력해야 합니다.',null,null,null,'2','20230518141838',null);
Insert into FOMM_CMM_MSG_MT (MSG_NO,LANG_CD,MSG_CONTS,RMK,FRID,FRDT,LMID,LMDT,LMPID) values ('11008','KR','{0}의 길이는 {1} byte까지 입력 가능합니다.',null,null,null,'2','20230518141845',null);
Insert into FOMM_CMM_MSG_MT (MSG_NO,LANG_CD,MSG_CONTS,RMK,FRID,FRDT,LMID,LMDT,LMPID) values ('11012','KR','{0}은(는) [URL] 형식이 올바르지 않습니다.',null,null,null,'2','20230518141908',null);
Insert into FOMM_CMM_MSG_MT (MSG_NO,LANG_CD,MSG_CONTS,RMK,FRID,FRDT,LMID,LMDT,LMPID) values ('11016','KR','{0}은(는) [법인번호] 입력값이 올바르지 않습니다.',null,null,null,'2','20230518141924',null);
Insert into FOMM_CMM_MSG_MT (MSG_NO,LANG_CD,MSG_CONTS,RMK,FRID,FRDT,LMID,LMDT,LMPID) values ('11018','KR','{0}은(는) [년월] 입력 형식이 올바르지 않습니다.',null,null,null,'2','20230518141933',null);
Insert into FOMM_CMM_MSG_MT (MSG_NO,LANG_CD,MSG_CONTS,RMK,FRID,FRDT,LMID,LMDT,LMPID) values ('11019','KR','{0}은(는) [날짜] 입력 형식이 올바르지 않습니다.',null,null,null,'2','20230518141938',null);
Insert into FOMM_CMM_MSG_MT (MSG_NO,LANG_CD,MSG_CONTS,RMK,FRID,FRDT,LMID,LMDT,LMPID) values ('11022','KR','{0}은(는) [날짜/시간/분/초] 입력 형식이 올바르지 않습니다.',null,null,null,'2','20230518141951',null);
Insert into FOMM_CMM_MSG_MT (MSG_NO,LANG_CD,MSG_CONTS,RMK,FRID,FRDT,LMID,LMDT,LMPID) values ('11023','KR','{0}은(는) [시간] 입력 형식이 올바르지 않습니다.',null,null,null,'2','20230518141954',null);
Insert into FOMM_CMM_MSG_MT (MSG_NO,LANG_CD,MSG_CONTS,RMK,FRID,FRDT,LMID,LMDT,LMPID) values ('10001','KR','수정된 데이터가 있습니다.\n조회 하시겠습니까?',null,'1','20230413000000','1','20230413000000','system');
Insert into FOMM_CMM_MSG_MT (MSG_NO,LANG_CD,MSG_CONTS,RMK,FRID,FRDT,LMID,LMDT,LMPID) values ('10002','KR','조회 되었습니다.',null,'1','20230413000000','1','20230413000000','system');
Insert into FOMM_CMM_MSG_MT (MSG_NO,LANG_CD,MSG_CONTS,RMK,FRID,FRDT,LMID,LMDT,LMPID) values ('10003','KR','{0}저장 하시겠습니까?',null,'1','20230413000000','1','20230413000000','system');
Insert into FOMM_CMM_MSG_MT (MSG_NO,LANG_CD,MSG_CONTS,RMK,FRID,FRDT,LMID,LMDT,LMPID) values ('10004','KR','저장 되었습니다.',null,'1','20230413000000','1','20230413000000',null);
Insert into FOMM_CMM_MSG_MT (MSG_NO,LANG_CD,MSG_CONTS,RMK,FRID,FRDT,LMID,LMDT,LMPID) values ('10005','KR','이미 등록된 {0}입니다.',null,'1','20230418134923','1','20230418134923',null);
Insert into FOMM_CMM_MSG_MT (MSG_NO,LANG_CD,MSG_CONTS,RMK,FRID,FRDT,LMID,LMDT,LMPID) values ('10006','KR','{0}권한이 없습니다.',null,null,null,'1',null,null);
Insert into FOMM_CMM_MSG_MT (MSG_NO,LANG_CD,MSG_CONTS,RMK,FRID,FRDT,LMID,LMDT,LMPID) values ('0','EN','MENU TREE',null,'1','20230518122454','1','20230518150527',null);
Insert into FOMM_CMM_MSG_MT (MSG_NO,LANG_CD,MSG_CONTS,RMK,FRID,FRDT,LMID,LMDT,LMPID) values ('11026','KR','.{0}파일은 첨부할 수 없습니다.',null,'1','20230511091127','1','20230511091904',null);
Insert into FOMM_CMM_MSG_MT (MSG_NO,LANG_CD,MSG_CONTS,RMK,FRID,FRDT,LMID,LMDT,LMPID) values ('1','EN','ADMIN',null,'1','20230518122458','1','20230518122458',null);
Insert into FOMM_CMM_MSG_MT (MSG_NO,LANG_CD,MSG_CONTS,RMK,FRID,FRDT,LMID,LMDT,LMPID) values ('3','EN','User',null,'1','20230518122915','1','20230518140522',null);
Insert into FOMM_CMM_MSG_MT (MSG_NO,LANG_CD,MSG_CONTS,RMK,FRID,FRDT,LMID,LMDT,LMPID) values ('5','EN','SPP Group Management',null,'1','20230518123138','1','20230518123138',null);
Insert into FOMM_CMM_MSG_MT (MSG_NO,LANG_CD,MSG_CONTS,RMK,FRID,FRDT,LMID,LMDT,LMPID) values ('8','EN','Menu',null,'1','20230518123317','1','20230518123317',null);
Insert into FOMM_CMM_MSG_MT (MSG_NO,LANG_CD,MSG_CONTS,RMK,FRID,FRDT,LMID,LMDT,LMPID) values ('9','EN','SPP Code',null,'1','20230518123330','1','20230518123330',null);
Insert into FOMM_CMM_MSG_MT (MSG_NO,LANG_CD,MSG_CONTS,RMK,FRID,FRDT,LMID,LMDT,LMPID) values ('11','EN','SPP Message',null,'1','20230518123347','1','20230518123347',null);
Insert into FOMM_CMM_MSG_MT (MSG_NO,LANG_CD,MSG_CONTS,RMK,FRID,FRDT,LMID,LMDT,LMPID) values ('12','EN','SPP Words',null,'1','20230518123354','1','20230518123354',null);
Insert into FOMM_CMM_MSG_MT (MSG_NO,LANG_CD,MSG_CONTS,RMK,FRID,FRDT,LMID,LMDT,LMPID) values ('10008','KR','로그아웃 하시겠습니까?',null,null,null,'1',null,null);
Insert into FOMM_CMM_MSG_MT (MSG_NO,LANG_CD,MSG_CONTS,RMK,FRID,FRDT,LMID,LMDT,LMPID) values ('0','KR','메뉴관리',null,'1','20230515153428','1','20230518150509',null);
Insert into FOMM_CMM_MSG_MT (MSG_NO,LANG_CD,MSG_CONTS,RMK,FRID,FRDT,LMID,LMDT,LMPID) values ('1','KR','관리자',null,'1','20230515153428','1','20230515155700','SYSTEM');
Insert into FOMM_CMM_MSG_MT (MSG_NO,LANG_CD,MSG_CONTS,RMK,FRID,FRDT,LMID,LMDT,LMPID) values ('2','KR','사용자관리',null,'1','20230515153428','1','20230515155700','SYSTEM');
Insert into FOMM_CMM_MSG_MT (MSG_NO,LANG_CD,MSG_CONTS,RMK,FRID,FRDT,LMID,LMDT,LMPID) values ('3','KR','사용자',null,'1','20230515153428','1','20230518140522',null);
Insert into FOMM_CMM_MSG_MT (MSG_NO,LANG_CD,MSG_CONTS,RMK,FRID,FRDT,LMID,LMDT,LMPID) values ('4','KR','권한관리',null,'1','20230515153428','1','20230515155700','SYSTEM');
Insert into FOMM_CMM_MSG_MT (MSG_NO,LANG_CD,MSG_CONTS,RMK,FRID,FRDT,LMID,LMDT,LMPID) values ('5','KR','권한그룹관리',null,'1','20230515153428','1','20230515155700','SYSTEM');
Insert into FOMM_CMM_MSG_MT (MSG_NO,LANG_CD,MSG_CONTS,RMK,FRID,FRDT,LMID,LMDT,LMPID) values ('6','KR','권한별 메뉴관리',null,'1','20230515153428','1','20230515155700','SYSTEM');
Insert into FOMM_CMM_MSG_MT (MSG_NO,LANG_CD,MSG_CONTS,RMK,FRID,FRDT,LMID,LMDT,LMPID) values ('7','KR','메뉴관리',null,'1','20230515153428','1','20230515155700','SYSTEM');
Insert into FOMM_CMM_MSG_MT (MSG_NO,LANG_CD,MSG_CONTS,RMK,FRID,FRDT,LMID,LMDT,LMPID) values ('8','KR','메뉴관리',null,'1','20230515153428','1','20230515155700','SYSTEM');
Insert into FOMM_CMM_MSG_MT (MSG_NO,LANG_CD,MSG_CONTS,RMK,FRID,FRDT,LMID,LMDT,LMPID) values ('9','KR','코드관리',null,'1','20230515153428','1','20230515155700','SYSTEM');
Insert into FOMM_CMM_MSG_MT (MSG_NO,LANG_CD,MSG_CONTS,RMK,FRID,FRDT,LMID,LMDT,LMPID) values ('10','KR','코드관리',null,'1','20230515153428','1','20230515155700','SYSTEM');
Insert into FOMM_CMM_MSG_MT (MSG_NO,LANG_CD,MSG_CONTS,RMK,FRID,FRDT,LMID,LMDT,LMPID) values ('11','KR','메시지관리',null,'1','20230515153428','1','20230515155700','SYSTEM');
Insert into FOMM_CMM_MSG_MT (MSG_NO,LANG_CD,MSG_CONTS,RMK,FRID,FRDT,LMID,LMDT,LMPID) values ('12','KR','단어관리',null,'1','20230515153428','1','20230515155700','SYSTEM');

Insert into FOMM_DEV_MENU_MT (MENU_ID,MENU_NM,UP_MENU_ID,MENU_LVL,MENU_URL,SCREEN_ID,SORT_ORDR,USE_YN,RMK,FRID,FRDT,LMID,LMDT,LMPID) values ('DEV1180','Component Validation','DEV1000',3,'ref::ref14.xfdl',null,9,'Y',null,'system','20230419115423','system','20230419115423','system');
Insert into FOMM_DEV_MENU_MT (MENU_ID,MENU_NM,UP_MENU_ID,MENU_LVL,MENU_URL,SCREEN_ID,SORT_ORDR,USE_YN,RMK,FRID,FRDT,LMID,LMDT,LMPID) values ('DEV1200','Grid Validation','DEV1000',3,'ref::ref16.xfdl',null,10,'Y',null,'system','20230419115423','system','20230419115423','system');
Insert into FOMM_DEV_MENU_MT (MENU_ID,MENU_NM,UP_MENU_ID,MENU_LVL,MENU_URL,SCREEN_ID,SORT_ORDR,USE_YN,RMK,FRID,FRDT,LMID,LMDT,LMPID) values ('DEV0000','개발 가이드','0',1,null,null,1,'Y',null,'system','20230406162826','system','20230406162826','system');
Insert into FOMM_DEV_MENU_MT (MENU_ID,MENU_NM,UP_MENU_ID,MENU_LVL,MENU_URL,SCREEN_ID,SORT_ORDR,USE_YN,RMK,FRID,FRDT,LMID,LMDT,LMPID) values ('DEV1000','공통기능','DEV0000',2,null,null,1,'Y',null,'system','20230406162826','system','20230406162826','system');
Insert into FOMM_DEV_MENU_MT (MENU_ID,MENU_NM,UP_MENU_ID,MENU_LVL,MENU_URL,SCREEN_ID,SORT_ORDR,USE_YN,RMK,FRID,FRDT,LMID,LMDT,LMPID) values ('DEV1010','NUI TEST','DEV9000',3,'ref:xx.xfdl',null,1,'Y',null,'system','20230406162826','system','20230406162826','system');
Insert into FOMM_DEV_MENU_MT (MENU_ID,MENU_NM,UP_MENU_ID,MENU_LVL,MENU_URL,SCREEN_ID,SORT_ORDR,USE_YN,RMK,FRID,FRDT,LMID,LMDT,LMPID) values ('DEV1020','화면기본','DEV1000',3,'ref::ref99.xfdl',null,1,'Y',null,'system','20230406162826','system','20230406162826','system');
Insert into FOMM_DEV_MENU_MT (MENU_ID,MENU_NM,UP_MENU_ID,MENU_LVL,MENU_URL,SCREEN_ID,SORT_ORDR,USE_YN,RMK,FRID,FRDT,LMID,LMDT,LMPID) values ('DEV9000','개발 UTIL','DEV0000',2,null,null,2,'Y',null,'system','20230406162826','system','20230406162826','system');
Insert into FOMM_DEV_MENU_MT (MENU_ID,MENU_NM,UP_MENU_ID,MENU_LVL,MENU_URL,SCREEN_ID,SORT_ORDR,USE_YN,RMK,FRID,FRDT,LMID,LMDT,LMPID) values ('DEV1040','팝업','DEV1000',3,'ref::ref01.xfdl',null,5,'Y',null,'system','20230406162826','system','20230406162826','system');
Insert into FOMM_DEV_MENU_MT (MENU_ID,MENU_NM,UP_MENU_ID,MENU_LVL,MENU_URL,SCREEN_ID,SORT_ORDR,USE_YN,RMK,FRID,FRDT,LMID,LMDT,LMPID) values ('DEV1050','Transaction','DEV1000',3,'ref::ref02.xfdl',null,6,'Y',null,'system','20230406162826','system','20230406162826','system');
Insert into FOMM_DEV_MENU_MT (MENU_ID,MENU_NM,UP_MENU_ID,MENU_LVL,MENU_URL,SCREEN_ID,SORT_ORDR,USE_YN,RMK,FRID,FRDT,LMID,LMDT,LMPID) values ('DEV1060','메시지처리','DEV1000',3,'ref::ref03.xfdl',null,7,'Y',null,'system','20230406162826','system','20230406162826','system');
Insert into FOMM_DEV_MENU_MT (MENU_ID,MENU_NM,UP_MENU_ID,MENU_LVL,MENU_URL,SCREEN_ID,SORT_ORDR,USE_YN,RMK,FRID,FRDT,LMID,LMDT,LMPID) values ('DEV1070','메뉴링크호출','DEV1000',3,'ref::ref04.xfdl',null,4,'N',null,'system','20230406162826','system','20230406162826','system');
Insert into FOMM_DEV_MENU_MT (MENU_ID,MENU_NM,UP_MENU_ID,MENU_LVL,MENU_URL,SCREEN_ID,SORT_ORDR,USE_YN,RMK,FRID,FRDT,LMID,LMDT,LMPID) values ('DEV1080','메뉴링크수신','DEV1000',3,'ref::ref05.xfdl',null,5,'N',null,'system','20230406162826','system','20230406162826','system');
Insert into FOMM_DEV_MENU_MT (MENU_ID,MENU_NM,UP_MENU_ID,MENU_LVL,MENU_URL,SCREEN_ID,SORT_ORDR,USE_YN,RMK,FRID,FRDT,LMID,LMDT,LMPID) values ('DEV1090','엑셀 Import','DEV1000',3,'ref::ref06.xfdl',null,14,'Y',null,'system','20230406162826','system','20230406162826','system');
Insert into FOMM_DEV_MENU_MT (MENU_ID,MENU_NM,UP_MENU_ID,MENU_LVL,MENU_URL,SCREEN_ID,SORT_ORDR,USE_YN,RMK,FRID,FRDT,LMID,LMDT,LMPID) values ('DEV1100','엑셀 Import Multi','DEV1000',3,'ref::ref06_1.xfdl',null,15,'Y',null,'system','20230406162826','system','20230406162826','system');
Insert into FOMM_DEV_MENU_MT (MENU_ID,MENU_NM,UP_MENU_ID,MENU_LVL,MENU_URL,SCREEN_ID,SORT_ORDR,USE_YN,RMK,FRID,FRDT,LMID,LMDT,LMPID) values ('DEV1110','엑셀 Export','DEV1000',3,'ref::ref07.xfdl',null,13,'Y',null,'system','20230406162826','system','20230406162826','system');
Insert into FOMM_DEV_MENU_MT (MENU_ID,MENU_NM,UP_MENU_ID,MENU_LVL,MENU_URL,SCREEN_ID,SORT_ORDR,USE_YN,RMK,FRID,FRDT,LMID,LMDT,LMPID) values ('DEV1120','Grid 페이징','DEV1000',3,'ref::ref08.xfdl',null,99,'N',null,'system','20230406162826','system','20230406162826','system');
Insert into FOMM_DEV_MENU_MT (MENU_ID,MENU_NM,UP_MENU_ID,MENU_LVL,MENU_URL,SCREEN_ID,SORT_ORDR,USE_YN,RMK,FRID,FRDT,LMID,LMDT,LMPID) values ('DEV1121','Grid 복사','DEV1000',3,'ref::ref20.xfdl',null,16,'Y',null,'system','20230406162826','system','20230406162826','system');
Insert into FOMM_DEV_MENU_MT (MENU_ID,MENU_NM,UP_MENU_ID,MENU_LVL,MENU_URL,SCREEN_ID,SORT_ORDR,USE_YN,RMK,FRID,FRDT,LMID,LMDT,LMPID) values ('DEV1122','Grid 필터','DEV1000',3,'ref::ref21.xfdl',null,17,'Y',null,'system','20230406162826','system','20230406162826','system');
Insert into FOMM_DEV_MENU_MT (MENU_ID,MENU_NM,UP_MENU_ID,MENU_LVL,MENU_URL,SCREEN_ID,SORT_ORDR,USE_YN,RMK,FRID,FRDT,LMID,LMDT,LMPID) values ('DEV1130','다중선택콤보','DEV1000',3,'ref::ref09.xfdl',null,12,'Y',null,'system','20230406162826','system','20230406162826','system');
Insert into FOMM_DEV_MENU_MT (MENU_ID,MENU_NM,UP_MENU_ID,MENU_LVL,MENU_URL,SCREEN_ID,SORT_ORDR,USE_YN,RMK,FRID,FRDT,LMID,LMDT,LMPID) values ('DEV1140','focus 처리 API','DEV1000',3,'ref::ref10.xfdl',null,8,'Y',null,'system','20230406162826','system','20230406162826','system');
Insert into FOMM_DEV_MENU_MT (MENU_ID,MENU_NM,UP_MENU_ID,MENU_LVL,MENU_URL,SCREEN_ID,SORT_ORDR,USE_YN,RMK,FRID,FRDT,LMID,LMDT,LMPID) values ('DEV1150','Ex Utility','DEV9000',3,'ref::ref11.xfdl',null,2,'Y',null,'system','20230406162826','system','20230406162826','system');
Insert into FOMM_DEV_MENU_MT (MENU_ID,MENU_NM,UP_MENU_ID,MENU_LVL,MENU_URL,SCREEN_ID,SORT_ORDR,USE_YN,RMK,FRID,FRDT,LMID,LMDT,LMPID) values ('DEV1160','세션 및 메뉴권한','DEV1000',3,'ref::ref12.xfdl',null,2,'Y',null,'system','20230406162826','system','20230406162826','system');
Insert into FOMM_DEV_MENU_MT (MENU_ID,MENU_NM,UP_MENU_ID,MENU_LVL,MENU_URL,SCREEN_ID,SORT_ORDR,USE_YN,RMK,FRID,FRDT,LMID,LMDT,LMPID) values ('DEV2000','디자인 컴포넌트 가이드','DEV0000',2,null,null,3,'Y',null,'system','20230406162826','system','20230406162826','system');
Insert into FOMM_DEV_MENU_MT (MENU_ID,MENU_NM,UP_MENU_ID,MENU_LVL,MENU_URL,SCREEN_ID,SORT_ORDR,USE_YN,RMK,FRID,FRDT,LMID,LMDT,LMPID) values ('DEV2010','기본 컴포넌트 가이드','DEV2000',3,'guide::guide01.xfdl',null,1,'Y',null,'system','20230406162826','system','20230406162826','system');
Insert into FOMM_DEV_MENU_MT (MENU_ID,MENU_NM,UP_MENU_ID,MENU_LVL,MENU_URL,SCREEN_ID,SORT_ORDR,USE_YN,RMK,FRID,FRDT,LMID,LMDT,LMPID) values ('DEV2020','Button 가이드','DEV2000',3,'guide::guide02.xfdl',null,2,'Y',null,'system','20230406162826','system','20230406162826','system');
Insert into FOMM_DEV_MENU_MT (MENU_ID,MENU_NM,UP_MENU_ID,MENU_LVL,MENU_URL,SCREEN_ID,SORT_ORDR,USE_YN,RMK,FRID,FRDT,LMID,LMDT,LMPID) values ('DEV2030','Static 가이드','DEV2000',3,'guide::guide03.xfdl',null,3,'Y',null,'system','20230406162826','system','20230406162826','system');
Insert into FOMM_DEV_MENU_MT (MENU_ID,MENU_NM,UP_MENU_ID,MENU_LVL,MENU_URL,SCREEN_ID,SORT_ORDR,USE_YN,RMK,FRID,FRDT,LMID,LMDT,LMPID) values ('DEV2040','Grid 가이드','DEV2000',3,'guide::guide04.xfdl',null,4,'Y',null,'system','20230406162826','system','20230406162826','system');
Insert into FOMM_DEV_MENU_MT (MENU_ID,MENU_NM,UP_MENU_ID,MENU_LVL,MENU_URL,SCREEN_ID,SORT_ORDR,USE_YN,RMK,FRID,FRDT,LMID,LMDT,LMPID) values ('DEV2050','COMP_GUIDE_05','DEV2000',3,'guide::CompGuide05.xfdl',null,5,'N',null,'system','20230406162827','system','20230406162827','system');
Insert into FOMM_DEV_MENU_MT (MENU_ID,MENU_NM,UP_MENU_ID,MENU_LVL,MENU_URL,SCREEN_ID,SORT_ORDR,USE_YN,RMK,FRID,FRDT,LMID,LMDT,LMPID) values ('DEV2060','COMP_GUIDE_06','DEV2000',3,'guide::CompGuide06.xfdl',null,6,'N',null,'system','20230406162827','system','20230406162827','system');
Insert into FOMM_DEV_MENU_MT (MENU_ID,MENU_NM,UP_MENU_ID,MENU_LVL,MENU_URL,SCREEN_ID,SORT_ORDR,USE_YN,RMK,FRID,FRDT,LMID,LMDT,LMPID) values ('DEV9010','JAVA Template 생성','DEV9000',3,'comm::makeJAVA.xfdl',null,3,'Y',null,'system','20230406162826','system','20230406162826','system');
Insert into FOMM_DEV_MENU_MT (MENU_ID,MENU_NM,UP_MENU_ID,MENU_LVL,MENU_URL,SCREEN_ID,SORT_ORDR,USE_YN,RMK,FRID,FRDT,LMID,LMDT,LMPID) values ('DEV1190','버튼 권한/정렬','DEV1000',3,'ref::ref15.xfdl',null,3,'Y',null,'system','20230421104304','system','20230421104304','system');
Insert into FOMM_DEV_MENU_MT (MENU_ID,MENU_NM,UP_MENU_ID,MENU_LVL,MENU_URL,SCREEN_ID,SORT_ORDR,USE_YN,RMK,FRID,FRDT,LMID,LMDT,LMPID) values ('DEV1210','ROWFLAG(Grid/Dataset 처리)','DEV1000',3,'ref::ref17.xfdl',null,11,'Y',null,'system','20230419115423','system','20230419115423','system');
Insert into FOMM_DEV_MENU_MT (MENU_ID,MENU_NM,UP_MENU_ID,MENU_LVL,MENU_URL,SCREEN_ID,SORT_ORDR,USE_YN,RMK,FRID,FRDT,LMID,LMDT,LMPID) values ('DEV1170','공통코드 조회 UTIL','DEV1000',3,'ref::ref13.xfdl',null,4,'Y',null,'system','20230418092852','system','20230418092852','system');
Insert into FOMM_DEV_MENU_MT (MENU_ID,MENU_NM,UP_MENU_ID,MENU_LVL,MENU_URL,SCREEN_ID,SORT_ORDR,USE_YN,RMK,FRID,FRDT,LMID,LMDT,LMPID) values ('DEV1220','첨부파일','DEV1000',3,'ref::ref18.xfdl',null,18,'Y',null,'system','20230406162826','system','20230406162826','system');
Insert into FOMM_DEV_MENU_MT (MENU_ID,MENU_NM,UP_MENU_ID,MENU_LVL,MENU_URL,SCREEN_ID,SORT_ORDR,USE_YN,RMK,FRID,FRDT,LMID,LMDT,LMPID) values ('DEV3000','화면 디자인 가이드','DEV0000',2,null,null,4,'Y',null,'system','20230406162826','system','20230406162826','system');
Insert into FOMM_DEV_MENU_MT (MENU_ID,MENU_NM,UP_MENU_ID,MENU_LVL,MENU_URL,SCREEN_ID,SORT_ORDR,USE_YN,RMK,FRID,FRDT,LMID,LMDT,LMPID) values ('DEV3010','검색/좌우그리드','DEV3000',3,'template::template01.xfdl',null,1,'Y',null,'system','20230406162826','system','20230406162826','system');
Insert into FOMM_DEV_MENU_MT (MENU_ID,MENU_NM,UP_MENU_ID,MENU_LVL,MENU_URL,SCREEN_ID,SORT_ORDR,USE_YN,RMK,FRID,FRDT,LMID,LMDT,LMPID) values ('DEV3020','검색/상좌우그리드','DEV3000',3,'template::template02.xfdl',null,2,'Y',null,'system','20230406162826','system','20230406162826','system');
Insert into FOMM_DEV_MENU_MT (MENU_ID,MENU_NM,UP_MENU_ID,MENU_LVL,MENU_URL,SCREEN_ID,SORT_ORDR,USE_YN,RMK,FRID,FRDT,LMID,LMDT,LMPID) values ('DEV3030','입력폼','DEV3000',3,'template::template03.xfdl',null,3,'Y',null,'system','20230406162826','system','20230406162826','system');

Insert into FOMM_MENU_BKMK_DT (MENU_ID,USER_ID,FRID,FRDT) values ('6','1','1','20230510121832');
Insert into FOMM_MENU_BKMK_DT (MENU_ID,USER_ID,FRID,FRDT) values ('DEV1010','1','1','20230504151320');
Insert into FOMM_MENU_BKMK_DT (MENU_ID,USER_ID,FRID,FRDT) values ('3','1','1','20230424124045');
Insert into FOMM_MENU_BKMK_DT (MENU_ID,USER_ID,FRID,FRDT) values ('5','1','1','20230424124059');
Insert into FOMM_MENU_BKMK_DT (MENU_ID,USER_ID,FRID,FRDT) values ('3','2','2','20230518185255');

Insert into FOMM_MENU_MT (MENU_ID,MENU_NM,UP_MENU_ID,MENU_LVL,MENU_URL,SCREEN_ID,SORT_ORDR,USE_YN,RMK,FRID,FRDT,LMID,LMDT,LMPID) values ('7','메뉴관리','1',2,null,null,3,'Y',null,'1','20230419184009','1','20230419184009',null);
Insert into FOMM_MENU_MT (MENU_ID,MENU_NM,UP_MENU_ID,MENU_LVL,MENU_URL,SCREEN_ID,SORT_ORDR,USE_YN,RMK,FRID,FRDT,LMID,LMDT,LMPID) values ('8','메뉴관리','7',3,'fomm::FOMM0140_W.xfdl','FOMM0140_W',1,'Y',null,'1','20230419184055','1','20230419184055',null);
Insert into FOMM_MENU_MT (MENU_ID,MENU_NM,UP_MENU_ID,MENU_LVL,MENU_URL,SCREEN_ID,SORT_ORDR,USE_YN,RMK,FRID,FRDT,LMID,LMDT,LMPID) values ('12','단어관리','9',3,'fomm::FOMM0170_W.xfdl','FOMM0170_W',3,'Y',null,'1','20230515164528','1','20230515164528','FOMM0140_W');
Insert into FOMM_MENU_MT (MENU_ID,MENU_NM,UP_MENU_ID,MENU_LVL,MENU_URL,SCREEN_ID,SORT_ORDR,USE_YN,RMK,FRID,FRDT,LMID,LMDT,LMPID) values ('11','메시지관리','9',3,'fomm::FOMM0160_W.xfdl','FOMM0160_W',2,'Y',null,'1','20230425131911','1','20230425131911',null);
Insert into FOMM_MENU_MT (MENU_ID,MENU_NM,UP_MENU_ID,MENU_LVL,MENU_URL,SCREEN_ID,SORT_ORDR,USE_YN,RMK,FRID,FRDT,LMID,LMDT,LMPID) values ('0','메뉴관리','ROOT',0,null,null,null,'Y',null,'system','20230406183752','system','20230406183752','system');
Insert into FOMM_MENU_MT (MENU_ID,MENU_NM,UP_MENU_ID,MENU_LVL,MENU_URL,SCREEN_ID,SORT_ORDR,USE_YN,RMK,FRID,FRDT,LMID,LMDT,LMPID) values ('1','관리자','0',1,null,null,90,'Y',null,'system','20230406175236','system','20230406175236','system');
Insert into FOMM_MENU_MT (MENU_ID,MENU_NM,UP_MENU_ID,MENU_LVL,MENU_URL,SCREEN_ID,SORT_ORDR,USE_YN,RMK,FRID,FRDT,LMID,LMDT,LMPID) values ('2','사용자관리','1',2,null,null,1,'Y',null,'system','20230406175236','1','20230519085200','FOMM0140_W');
Insert into FOMM_MENU_MT (MENU_ID,MENU_NM,UP_MENU_ID,MENU_LVL,MENU_URL,SCREEN_ID,SORT_ORDR,USE_YN,RMK,FRID,FRDT,LMID,LMDT,LMPID) values ('3','사용자','2',3,'fomm::FOMM0110_W.xfdl','FOMM0110_W',1,'Y',null,'system','20230406175236','1','20230518121039','FOMM0140_W');
Insert into FOMM_MENU_MT (MENU_ID,MENU_NM,UP_MENU_ID,MENU_LVL,MENU_URL,SCREEN_ID,SORT_ORDR,USE_YN,RMK,FRID,FRDT,LMID,LMDT,LMPID) values ('4','권한관리','1',2,null,null,2,'Y',null,'system','20230418124553','1','20230425170754',null);
Insert into FOMM_MENU_MT (MENU_ID,MENU_NM,UP_MENU_ID,MENU_LVL,MENU_URL,SCREEN_ID,SORT_ORDR,USE_YN,RMK,FRID,FRDT,LMID,LMDT,LMPID) values ('5','권한그룹관리','4',3,'fomm::FOMM0120_W.xfdl','FOMM0120_W',1,'Y',null,'system','20230418124621','system','20230418124621','system');
Insert into FOMM_MENU_MT (MENU_ID,MENU_NM,UP_MENU_ID,MENU_LVL,MENU_URL,SCREEN_ID,SORT_ORDR,USE_YN,RMK,FRID,FRDT,LMID,LMDT,LMPID) values ('6','권한별 메뉴관리','4',3,'fomm::FOMM0130_W.xfdl','FOMM0130_W',2,'Y',null,'system','20230418170251','system','20230418170251','system');
Insert into FOMM_MENU_MT (MENU_ID,MENU_NM,UP_MENU_ID,MENU_LVL,MENU_URL,SCREEN_ID,SORT_ORDR,USE_YN,RMK,FRID,FRDT,LMID,LMDT,LMPID) values ('10','코드관리','9',3,'fomm::FOMM0150_W.xfdl','FOMM0150_W',1,'Y',null,'1','20230421133525','1','20230421133525',null);
Insert into FOMM_MENU_MT (MENU_ID,MENU_NM,UP_MENU_ID,MENU_LVL,MENU_URL,SCREEN_ID,SORT_ORDR,USE_YN,RMK,FRID,FRDT,LMID,LMDT,LMPID) values ('9','코드관리','1',2,null,null,4,'Y',null,'1','20230421133506','1','20230421133506',null);

Insert into FOMM_USER_MT (USER_ID,USER_NM,CO_CD,CO_NM,DEPT_CD,DEPT_NM,POS_CD,POS_NM,ROLE_CD,ROLE_NM,EMAIL_ADR,TELNUM,MOBILE_NUM,USER_PW,PW_INIT_DT,PW_EXP_DT,EXPIRE_DATE,USE_YN,ABSNCE_YN,RMK,FRID,FRDT,LMID,LMDT,LMPID,LANG_CD) values ('1','개발자1','CO01','위엠비','DEPT01','SPP개발','POS01','수석','ROLE01','SPP2.0 개발','EMAIL','TELNUM1','MOBILE1','1','20230406080000','20991231000000','20991231','Y','N',null,'SYSTEM','20230406080000','1','20230518040851',null,'EN');
Insert into FOMM_USER_MT (USER_ID,USER_NM,CO_CD,CO_NM,DEPT_CD,DEPT_NM,POS_CD,POS_NM,ROLE_CD,ROLE_NM,EMAIL_ADR,TELNUM,MOBILE_NUM,USER_PW,PW_INIT_DT,PW_EXP_DT,EXPIRE_DATE,USE_YN,ABSNCE_YN,RMK,FRID,FRDT,LMID,LMDT,LMPID,LANG_CD) values ('2','개발자2','CO01','위엠비','DEPT01','SPP개발','POS01','수석','ROLE01','SPP2.0 개발','EMAIL','TELNUM','MOBILE','1','20230406080000','20991231000000','20991231','Y','N',null,'SYSTEM','20230406080000','2','20230518195539',null,'CN');
Insert into FOMM_USER_MT (USER_ID,USER_NM,CO_CD,CO_NM,DEPT_CD,DEPT_NM,POS_CD,POS_NM,ROLE_CD,ROLE_NM,EMAIL_ADR,TELNUM,MOBILE_NUM,USER_PW,PW_INIT_DT,PW_EXP_DT,EXPIRE_DATE,USE_YN,ABSNCE_YN,RMK,FRID,FRDT,LMID,LMDT,LMPID,LANG_CD) values ('3','개발자3','CO01','위엠비','DEPT01','SPP개발','POS01','수석','ROLE01','SPP2.0 개발','EMAIL','TELNUM','MOBILE','1','20230406080000','20991231000000','20991231','Y','N',null,'SYSTEM','20230406080000','2','20230518195539',null,'CN');
Insert into FOMM_USER_MT (USER_ID,USER_NM,CO_CD,CO_NM,DEPT_CD,DEPT_NM,POS_CD,POS_NM,ROLE_CD,ROLE_NM,EMAIL_ADR,TELNUM,MOBILE_NUM,USER_PW,PW_INIT_DT,PW_EXP_DT,EXPIRE_DATE,USE_YN,ABSNCE_YN,RMK,FRID,FRDT,LMID,LMDT,LMPID,LANG_CD) values ('4','개발자4','CO01','위엠비','DEPT01','SPP개발','POS01','수석','ROLE01','SPP2.0 개발','EMAIL','TELNUM','MOBILE','1','20230406080000','20991231000000','20991231','Y','N',null,'SYSTEM','20230406080000','2','20230518195539',null,'CN');
Insert into FOMM_USER_MT (USER_ID,USER_NM,CO_CD,CO_NM,DEPT_CD,DEPT_NM,POS_CD,POS_NM,ROLE_CD,ROLE_NM,EMAIL_ADR,TELNUM,MOBILE_NUM,USER_PW,PW_INIT_DT,PW_EXP_DT,EXPIRE_DATE,USE_YN,ABSNCE_YN,RMK,FRID,FRDT,LMID,LMDT,LMPID,LANG_CD) values ('5','개발자5','CO01','위엠비','DEPT01','SPP개발','POS01','수석','ROLE01','SPP2.0 개발','EMAIL','TELNUM','MOBILE','1','20230406080000','20991231000000','20991231','Y','N',null,'SYSTEM','20230406080000','2','20230518195539',null,'CN');

----------------------------------------------------------------- 한진 DMS 기준 데이터 시작 ---------------------------------------------------------------

INSERT INTO fomm_menu_mt (menu_id,menu_nm,up_menu_id,menu_lvl,menu_url,screen_id,sort_ordr,use_yn,rmk,frid,frdt,lmid,lmdt,lmpid) VALUES
	 ('7','메뉴관리','1',2,NULL,NULL,3,'Y',NULL,'1','20230419184009','1','20230419184009','system'),
	 ('8','메뉴관리','7',3,'fomm::FOMM0140_W.xfdl','FOMM0140_W',1,'Y',NULL,'1','20230419184055','1','20230419184055','system'),
	 ('11','메시지관리','9',3,'fomm::FOMM0160_W.xfdl','FOMM0160_W',2,'Y',NULL,'1','20230425131911','1','20230425131911','system'),
	 ('0','ROOT','ROOT',0,NULL,NULL,NULL,'Y',NULL,'system','20230406183752','system','20230406183752','system'),
	 ('2','사용자관리','1',2,NULL,NULL,1,'Y',NULL,'system','20230406175236','system','20230406175236','system'),
	 ('4','권한관리','1',2,NULL,NULL,2,'Y',NULL,'system','20230418124553','1','20230425170754','system'),
	 ('5','권한그룹관리','4',3,'fomm::FOMM0120_W.xfdl','FOMM0120_W',1,'Y',NULL,'system','20230418124621','system','20230418124621','system'),
	 ('6','권한별 메뉴관리','4',3,'fomm::FOMM0130_W.xfdl','FOMM0130_W',2,'Y',NULL,'system','20230418170251','system','20230418170251','system'),
	 ('10','코드관리','9',3,'fomm::FOMM0150_W.xfdl','FOMM0150_W',1,'Y',NULL,'1','20230421133525','1','20230421133525','system'),
	 ('9','코드관리','1',2,NULL,NULL,4,'Y',NULL,'1','20230421133506','1','20230421133506','system');
INSERT INTO fomm_menu_mt (menu_id,menu_nm,up_menu_id,menu_lvl,menu_url,screen_id,sort_ordr,use_yn,rmk,frid,frdt,lmid,lmdt,lmpid) VALUES
	 ('12','기타','1',2,NULL,NULL,5,'Y',NULL,'1','20230512105349','1','20230512105349','FOMM0140_W'),
	 ('42','대기구역관리','40',3,'ms::MS0120_W.xfdl',NULL,2,'Y',NULL,'parkchar','20230620133313','parkchar','20230622161550','FOMM0140_W'),
	 ('43','슈트정보 현황','40',3,'ms::MS0130_W.xfdl',NULL,3,'Y',NULL,'parkchar','20230620133313','parkchar','20230622161550','FOMM0140_W'),
	 ('1','관리자','0',1,NULL,NULL,91,'Y',NULL,'system','20230406175236','1','20230518125659','FOMM0140_W'),
	 ('17','테스트','12',3,'su::TEST.xfdl','SU0110_W_TEST',99,'Y',NULL,'1','20230523095206','1','20230525132047','FOMM0140_W'),
	 ('3','사용자','2',3,'fomm::FOMM0110_W.xfdl','FOMM0110_W',1,'Y','11','system','20230406175236','parkchar','20230612173755','FOMM0140_W'),
	 ('45','운영일자 관리','40',3,'ms::MS0150_W.xfdl',NULL,5,'Y',NULL,'parkchar','20230623144901','parkchar','20230623144901','FOMM0140_W'),
	 ('66','상차관리','22',2,NULL,NULL,2,'Y',NULL,'parkchar','20230727100123','parkchar','20230727100123','FOMM0140_W'),
	 ('26','기준정보관리','0',1,NULL,NULL,8,'Y',NULL,'1','20230607165218','parkchar','20230620090316','FOMM0140_W'),
	 ('40','기준정보관리','26',2,NULL,NULL,1,'Y',NULL,'parkchar','20230620133237','parkchar','20230620133237','FOMM0140_W');
INSERT INTO fomm_menu_mt (menu_id,menu_nm,up_menu_id,menu_lvl,menu_url,screen_id,sort_ordr,use_yn,rmk,frid,frdt,lmid,lmdt,lmpid) VALUES
	 ('41','도크관리','40',3,'ms::MS0110_W.xfdl',NULL,1,'Y',NULL,'parkchar','20230620133313','parkchar','20230622154408','FOMM0140_W'),
	 ('47','CCTV 관리','40',3,'ms::MS0140_W.xfdl',NULL,4,'Y',NULL,'parkchar','20230626130328','parkchar','20230626130328','FOMM0140_W'),
	 ('60','샤시 이동이력','56',3,'io::IO0250_W.xfdl',NULL,5,'Y',NULL,'1','20230629135002','1','20230629135002','FOMM0140_W'),
	 ('22','상/하차관리','0',1,NULL,NULL,4,'Y',NULL,'1','20230607165218','1','20230725105305','FOMM0140_W'),
	 ('64','하차현황','27',3,'io::IO0110_W.xfdl',NULL,1,'Y',NULL,'1','20230725105843','1','20230725105843','FOMM0140_W'),
	 ('61','출문관리','56',3,'io::IO0260_W.xfdl',NULL,6,'Y',NULL,'1','20230629135002','1','20230629135002','FOMM0140_W'),
	 ('27','하차관리','22',2,'',NULL,1,'Y',NULL,'parkchar','20230615131422','parkchar','20230727100123','FOMM0140_W'),
	 ('67','상차현황','66',3,'io::IO0120_W.xfdl',NULL,1,'Y',NULL,'parkchar','20230727100152','parkchar','20230727100203','FOMM0140_W'),
	 ('68','상차 우선순위 조정','66',3,'io::IO0130_W.xfdl',NULL,2,'Y',NULL,'parkchar','20230727100152','parkchar','20230727100213','FOMM0140_W'),
	 ('62','입문관리','56',3,'io::IO0210_W.xfdl',NULL,1,'Y',NULL,'test','20230712135327','1','20230802140821','FOMM0140_W');
INSERT INTO fomm_menu_mt (menu_id,menu_nm,up_menu_id,menu_lvl,menu_url,screen_id,sort_ordr,use_yn,rmk,frid,frdt,lmid,lmdt,lmpid) VALUES
	 ('57','하차 도크배정','56',3,'unld::IO0220_W.xfdl',NULL,2,'Y',NULL,'1','20230629135002','1','20230825095116','FOMM0140_W'),
	 ('24','보고서','0',1,NULL,NULL,6,'Y',NULL,'1','20230607165218','1','20230828130346','FOMM0140_W'),
	 ('58','상차 도크배정','56',3,'load::IO0230_W.xfdl',NULL,3,'Y',NULL,'1','20230629135002','1','20230825095116','FOMM0140_W'),
	 ('70','전광판 정보관리','69',3,'ms::MS0180_W.xfdl',NULL,1,'Y',NULL,'1','20230825152806','1','20230825152806','FOMM0140_W'),
	 ('71','전광판 메시지 관리','69',3,'ms::MS0190_W.xfdl',NULL,2,'Y',NULL,'1','20230825152806','1','20230825152806','FOMM0140_W'),
	 ('73','관리자 설정','40',3,'su::SU0110_W.xfdl',NULL,9,'Y',NULL,'1','20230825171457','1','20230825172328','FOMM0140_W'),
	 ('74','DASS 우선순위관리','40',3,'su::SU0120_W.xfdl',NULL,10,'Y',NULL,'1','20230825171457','1','20230825172328','FOMM0140_W'),
	 ('69','전광판관리','26',2,NULL,NULL,3,'Y',NULL,'1','20230825152652','1','20230828133721','FOMM0140_W'),
	 ('19','대시보드','0',1,NULL,NULL,1,'Y',NULL,'1','20230607165218','1','20230828125225','FOMM0140_W'),
	 ('20','통합관제','0',1,NULL,NULL,2,'Y',NULL,'1','20230607165218','1','20230828125536','FOMM0140_W');
INSERT INTO fomm_menu_mt (menu_id,menu_nm,up_menu_id,menu_lvl,menu_url,screen_id,sort_ordr,use_yn,rmk,frid,frdt,lmid,lmdt,lmpid) VALUES
	 ('59','샤시 이동지시','56',3,'io::IO0240_W.xfdl',NULL,4,'Y',NULL,'1','20230629135002','1','20230828130010','FOMM0140_W'),
	 ('56','입/출문관리','21',2,'',NULL,1,'Y',NULL,'1','20230629135002','1','20230904150409','FOMM0140_W'),
	 ('46','작업구역 관리','40',3,'ms::MS0160_W.xfdl',NULL,7,'Y',NULL,'parkchar','20230623144901','1','20230828133646','FOMM0140_W'),
	 ('51','실적조회','24',2,NULL,NULL,1,'Y',NULL,'parkchar','20230627094910','1','20230828131200','FOMM0140_W'),
	 ('52','실적보고','51',3,'',NULL,1,'Y',NULL,'parkchar','20230627095006','1','20230828131608','FOMM0140_W'),
	 ('44','샤시관리','40',3,'ms::MS0170_W.xfdl',NULL,8,'Y',NULL,'parkchar','20230620133313','1','20230828133646','FOMM0140_W'),
	 ('72','구내 T/R기사 관리','40',3,'su::SU0140_W.xfdl',NULL,6,'Y',NULL,'1','20230825171324','1','20230828133646','FOMM0140_W'),
	 ('18','다국어 관리','9',3,'fomm::FOMM0170_W.xfdl','FOMM0170_W',3,'Y',NULL,'1','20230602131303','1','20230828140120','FOMM0140_W'),
	 ('21','입/출문관리','0',1,NULL,NULL,3,'Y',NULL,'1','20230607165218','1','20230904150432','FOMM0140_W'),
	 ('75','대시보드','19',2,NULL,NULL,1,'Y',NULL,'1','20230828125132','1','20230828125132','FOMM0140_W');
INSERT INTO fomm_menu_mt (menu_id,menu_nm,up_menu_id,menu_lvl,menu_url,screen_id,sort_ordr,use_yn,rmk,frid,frdt,lmid,lmdt,lmpid) VALUES
	 ('76','하차현황 대시보드','75',3,NULL,NULL,1,'Y',NULL,'1','20230828125206','1','20230828125206','FOMM0140_W'),
	 ('77','상차현황 대시보드','75',3,NULL,NULL,2,'Y',NULL,'1','20230828125206','1','20230828125206','FOMM0140_W'),
	 ('78','입/출문현황 대시보드','75',3,NULL,NULL,3,'Y',NULL,'1','20230828125206','1','20230828125206','FOMM0140_W'),
	 ('79','통합관제','20',2,NULL,NULL,1,'Y',NULL,'1','20230828125732','1','20230828125732','FOMM0140_W'),
	 ('80','도크관제','79',3,NULL,NULL,1,'Y',NULL,'1','20230828125749','1','20230828125749','FOMM0140_W'),
	 ('81','설비관제','79',3,NULL,NULL,2,'Y',NULL,'1','20230828125749','1','20230828125749','FOMM0140_W'),
	 ('82','수동입문조회','51',3,NULL,NULL,2,'Y',NULL,'1','20230828131608','1','20230828131608','FOMM0140_W'),
	 ('83','수동출문조회','51',3,NULL,NULL,3,'Y',NULL,'1','20230828131608','1','20230828131608','FOMM0140_W'),
	 ('84','수동배정조회','51',3,NULL,NULL,4,'Y',NULL,'1','20230828131608','1','20230828131608','FOMM0140_W'),
	 ('85','하차도크 생산성','24',2,NULL,NULL,2,'Y',NULL,'1','20230828131646','1','20230828131646','FOMM0140_W');
INSERT INTO fomm_menu_mt (menu_id,menu_nm,up_menu_id,menu_lvl,menu_url,screen_id,sort_ordr,use_yn,rmk,frid,frdt,lmid,lmdt,lmpid) VALUES
	 ('86','상차도크 생산성','24',2,NULL,NULL,3,'Y',NULL,'1','20230828131646','1','20230828131646','FOMM0140_W'),
	 ('87','이력조회','24',2,NULL,NULL,4,'Y',NULL,'1','20230828131646','1','20230828131646','FOMM0140_W'),
	 ('94','구내 T/R기사 작업이력','87',3,NULL,NULL,1,'Y',NULL,'1','20230828133337','1','20230828133337','FOMM0140_W'),
	 ('95','통제실 알림이력','87',3,NULL,NULL,2,'Y',NULL,'1','20230828133337','1','20230828133337','FOMM0140_W'),
	 ('88','차량별','85',3,NULL,NULL,1,'Y',NULL,'1','20230828131923','1','20230828133454','FOMM0140_W'),
	 ('89','도크별','85',3,NULL,NULL,2,'Y',NULL,'1','20230828131924','1','20230828133454','FOMM0140_W'),
	 ('90','시간대별','85',3,NULL,NULL,3,'Y',NULL,'1','20230828131924','1','20230828133454','FOMM0140_W'),
	 ('91','차량별','86',3,NULL,NULL,1,'Y',NULL,'1','20230828132001','1','20230828133508','FOMM0140_W'),
	 ('92','도크별','86',3,NULL,NULL,2,'Y',NULL,'1','20230828132001','1','20230828133508','FOMM0140_W'),
	 ('93','시간대별','86',3,NULL,NULL,3,'Y',NULL,'1','20230828132002','1','20230828133508','FOMM0140_W');
INSERT INTO fomm_menu_mt (menu_id,menu_nm,up_menu_id,menu_lvl,menu_url,screen_id,sort_ordr,use_yn,rmk,frid,frdt,lmid,lmdt,lmpid) VALUES
	 ('97','알림관리','26',2,NULL,NULL,2,'Y',NULL,'1','20230828133721','1','20230828133721','FOMM0140_W'),
	 ('100','실적보고 대상관리','51',3,'su::SU0130_W.xfdl',NULL,5,'Y',NULL,'1','20230828140205','1','20230828140601','FOMM0140_W'),
	 ('98','알림설정','97',3,'su::SU0150_W.xfdl',NULL,1,'Y',NULL,'1','20230828133807','1','20230828162722','FOMM0140_W'),
	 ('99','수동 알림발송','97',3,'su::SU0160_W.xfdl',NULL,2,'Y',NULL,'1','20230828133807','1','20230828162738','FOMM0140_W'),
	 ('96','로그인 이력','87',3,'rp::RP0200_W.xfdl',NULL,3,'Y','','1','20230828133337','1','20230904103645','FOMM0140_W');

------------------------------------------------------------------------------------------------------------------------------------------------
INSERT INTO fomm_auth_user_dt (auth_id,user_id,frid,frdt,lmid,lmdt,lmpid,rmk,hub_code) VALUES
	 ('AUTH0001','1',NULL,'20230420102845',NULL,'20230420102845','system',NULL,'HUB_01'),
	 ('AUTH0001','2','1','20230602150605','1','20230602150605','',NULL,'HUB_01'),
	 ('AUTH0002','1','1','20230417090200','1','20230417090200','system',NULL,'HUB_01'),
	 ('AUTH0002','2','1','20230418142110','1','20230418142110','system',NULL,'HUB_01'),
	 ('AUTH0003','1','parkchar','20230612170843','parkchar','20230612170843','',NULL,'HUB_01'),
	 ('AUTH0004','test','parkchar','20230703095954','parkchar','20230703095954','',NULL,'HUB_01'),
	 ('AUTH0005','parkchar','1','20230714134943','1','20230714134943','',NULL,'HUB_01'),
	 ('AUTH0001','parkchar','1','20230714135027','1','20230714135027','',NULL,'HUB_01'),
	 ('AUTH0002','parkchar','parkchar','20230717151224','parkchar','20230717151224','',NULL,'HUB_01'),
	 ('AUTH0006','1','1','20230829144704','1','20230829144704','',NULL,'HUB_01');
INSERT INTO fomm_auth_user_dt (auth_id,user_id,frid,frdt,lmid,lmdt,lmpid,rmk,hub_code) VALUES
	 ('AUTH0006','parkchar','1','20230829144704','1','20230829144704','',NULL,'HUB_01'),
	 ('AUTH0006','2','1','20230829144704','1','20230829144704','',NULL,'HUB_01'),
	 ('AUTH0006','test','1','20230829144704','1','20230829144704','',NULL,'HUB_01'),
	 ('AUTH0001','dhsong','1','20230831122243','1','20230831122243','',NULL,'HUB_01'),
	 ('AUTH0002','dhsong','1','20230831162915','1','20230831162915','',NULL,'HUB_01'),
	 ('AUTH0001','3370356','1','20230904130931','1','20230904130931','',NULL,'HUB_01'),
	 ('AUTH0002','3370356','1','20230904130931','1','20230904130931','',NULL,'HUB_01'),
	 ('AUTH0004','3370360','1','20230904130950','1','20230904130950','',NULL,'HUB_01'),
	 ('AUTH0003','3370356','1','20230904131000','1','20230904131000','',NULL,'HUB_01'),
	 ('AUTH0003','3370360','1','20230904131008','1','20230904131008','',NULL,'HUB_01');
INSERT INTO fomm_auth_user_dt (auth_id,user_id,frid,frdt,lmid,lmdt,lmpid,rmk,hub_code) VALUES
	 ('AUTH0005','test','1','20230904131012','1','20230904131012','',NULL,'HUB_01'),
	 ('AUTH0003','test','1','20230904131021','1','20230904131021','',NULL,'HUB_01'),
	 ('AUTH0005','3370360','1','20230904131041','1','20230904131041','',NULL,'HUB_01'),
	 ('AUTH0006','dhsong','1','20230904131046','1','20230904131046','',NULL,'HUB_01');

------------------------------------------------------------------------------------------------------------------------------------------------
INSERT INTO fomm_auth_mt (auth_id,auth_nm,auth_type_cd,admin_yn,use_yn,rmk,frid,frdt,lmid,lmdt,lmpid,hub_code) VALUES
	 ('AUTH0001','SPP관리자','AUTH_T02','Y','Y','1111111','1','20230413150920','parkchar','20230612161536','FOMM0120_W','HUB_01'),
	 ('AUTH0002','SPP개발팀','AUTH_T02','Y','Y','22222','1','20230413150920','parkchar','20230612161541','FOMM0120_W','HUB_01'),
	 ('AUTH0003','통제 담당','','N','Y','통제실 담당자 그룹(DMS 시스템 주요 공지 및 알림발송)','parkchar','20230612164400','parkchar','20230612171057','FOMM0120_W','HUB_01'),
	 ('AUTH0004','리뷰','','N','Y',NULL,'parkchar','20230703095832','parkchar','20230703095832','FOMM0120_W','HUB_01'),
	 ('AUTH0005','박종민 개발','','N','Y',NULL,'parkchar','20230714132209','1','20230714134456','FOMM0120_W','HUB_01'),
	 ('AUTH0006','상차담당자','','N','Y','11112121221','1','20230829144644','1','20230829144644','FOMM0120_W','HUB_01');

------------------------------------------------------------------------------------------------------------------------------------------------
INSERT INTO fomm_auth_menu_dt (auth_id,menu_id,read_yn,write_yn,delete_yn,excl_down_yn,report_prnt_yn,file_up_yn,frid,frdt,lmid,lmdt,lmpid) VALUES
	 ('AUTH0001','29','Y','Y','Y','Y','N','N','parkchar','20230615141237','parkchar','20230615141237','FOMM0130_W'),
	 ('AUTH0001','27','Y','N','N','N','N','N','parkchar','20230615141237','parkchar','20230615141617','FOMM0130_W'),
	 ('AUTH0001','31','Y','Y','Y','N','N','N','parkchar','20230615141617','parkchar','20230615141617','FOMM0130_W'),
	 ('AUTH0001','28','Y','N','N','N','N','N','parkchar','20230615141237','parkchar','20230615141617','FOMM0130_W'),
	 ('AUTH0001','30','Y','Y','Y','Y','N','N','parkchar','20230615141617','parkchar','20230615141617','FOMM0130_W'),
	 ('AUTH0001','33','Y','Y','Y','N','N','N','parkchar','20230620131143','parkchar','20230620131143','FOMM0130_W'),
	 ('AUTH0001','34','Y','Y','Y','N','N','N','parkchar','20230620131143','parkchar','20230620131143','FOMM0130_W'),
	 ('AUTH0001','35','Y','Y','Y','N','N','N','parkchar','20230620131143','parkchar','20230620131143','FOMM0130_W'),
	 ('AUTH0001','36','Y','Y','Y','N','N','N','parkchar','20230620131143','parkchar','20230620131143','FOMM0130_W'),
	 ('AUTH0001','37','Y','Y','Y','N','N','N','parkchar','20230620131143','parkchar','20230620131143','FOMM0130_W');
INSERT INTO fomm_auth_menu_dt (auth_id,menu_id,read_yn,write_yn,delete_yn,excl_down_yn,report_prnt_yn,file_up_yn,frid,frdt,lmid,lmdt,lmpid) VALUES
	 ('AUTH0001','32','Y','N','N','N','N','N','parkchar','20230620131143','parkchar','20230620133405','FOMM0130_W'),
	 ('AUTH0001','40','Y','N','N','N','N','N','parkchar','20230620133405','parkchar','20230620133405','FOMM0130_W'),
	 ('AUTH0001','38','Y','Y','Y','Y','N','N','parkchar','20230620133405','parkchar','20230620170105','FOMM0130_W'),
	 ('AUTH0001','39','Y','Y','N','N','N','N','parkchar','20230620133405','parkchar','20230620170105','FOMM0130_W'),
	 ('AUTH0001','41','Y','Y','Y','Y','N','N','parkchar','20230620133405','parkchar','20230622161046','FOMM0130_W'),
	 ('AUTH0001','42','Y','Y','Y','Y','N','N','parkchar','20230620133405','parkchar','20230622171948','FOMM0130_W'),
	 ('AUTH0001','43','Y','N','N','Y','N','N','parkchar','20230620133405','parkchar','20230622171948','FOMM0130_W'),
	 ('AUTH0001','44','Y','Y','Y','Y','N','N','parkchar','20230620133405','parkchar','20230622171948','FOMM0130_W'),
	 ('AUTH0001','45','Y','Y','Y','Y','N','N','parkchar','20230623144957','parkchar','20230626100246','FOMM0130_W'),
	 ('AUTH0001','47','Y','Y','Y','Y','N','N','parkchar','20230626130343','parkchar','20230626130343','FOMM0130_W');
INSERT INTO fomm_auth_menu_dt (auth_id,menu_id,read_yn,write_yn,delete_yn,excl_down_yn,report_prnt_yn,file_up_yn,frid,frdt,lmid,lmdt,lmpid) VALUES
	 ('AUTH0001','49','Y','Y','N','N','N','N','parkchar','20230626130639','parkchar','20230626130639','FOMM0130_W'),
	 ('AUTH0001','50','Y','Y','Y','N','N','N','parkchar','20230626130639','parkchar','20230626130639','FOMM0130_W'),
	 ('AUTH0001','51','Y','N','N','N','N','N','parkchar','20230627095239','parkchar','20230627095239','FOMM0130_W'),
	 ('AUTH0001','48','Y','Y','Y','Y','N','N','parkchar','20230626130639','parkchar','20230626133818','FOMM0130_W'),
	 ('AUTH0001','53','Y','N','N','Y','N','N','parkchar','20230627095239','parkchar','20230627095239','FOMM0130_W'),
	 ('AUTH0001','54','Y','N','N','Y','N','N','parkchar','20230627095239','parkchar','20230627095239','FOMM0130_W'),
	 ('AUTH0002','2','Y','N','N','N','N','N','1','20230418165712','1','20230418165712','SYSTEM'),
	 ('AUTH0002','3','Y','Y','Y','Y','N','N','1','20230418165712','1','20230504102635','FOMM0130_W'),
	 ('AUTH0002','11','Y','Y','Y','N','N','N','1','20230425131933','1','20230425165508','SYSTEM'),
	 ('AUTH0002','6','Y','Y','Y','N','N','N','1','20230419184207','1','20230421133743','SYSTEM');
INSERT INTO fomm_auth_menu_dt (auth_id,menu_id,read_yn,write_yn,delete_yn,excl_down_yn,report_prnt_yn,file_up_yn,frid,frdt,lmid,lmdt,lmpid) VALUES
	 ('AUTH0002','4','Y','N','N','N','N','N','1','20230419184207','1','20230419184207','SYSTEM'),
	 ('AUTH0002','5','Y','Y','Y','N','N','N','1','20230419184207','1','20230421133743','SYSTEM'),
	 ('AUTH0002','7','Y','N','N','N','N','N','1','20230419184207','1','20230419184207','SYSTEM'),
	 ('AUTH0002','8','Y','Y','Y','N','N','N','1','20230419184207','1','20230421133743','SYSTEM'),
	 ('AUTH0002','9','Y','N','N','N','N','N','1','20230421133743','1','20230421133743','SYSTEM'),
	 ('AUTH0002','1','Y','N','N','N','N','N','1','20230418165712','1','20230511131226','SYSTEM'),
	 ('AUTH0002','17','Y','N','N','N','N','N','1','20230515125039','1','20230515125039','FOMM0130_W'),
	 ('AUTH0002','10','Y','Y','Y','Y','N','N','1','20230421133743','1','20230515172542','FOMM0130_W'),
	 ('AUTH0002','18','Y','N','N','N','N','N','parkchar','20230609093550','parkchar','20230609093550','FOMM0130_W'),
	 ('AUTH0002','12','Y','N','N','N','N','N','parkchar','20230609093550','parkchar','20230609093550','FOMM0130_W');
INSERT INTO fomm_auth_menu_dt (auth_id,menu_id,read_yn,write_yn,delete_yn,excl_down_yn,report_prnt_yn,file_up_yn,frid,frdt,lmid,lmdt,lmpid) VALUES
	 ('AUTH0002','13','Y','Y','Y','Y','N','N','1','20230515125039','parkchar','20230609093550','FOMM0130_W'),
	 ('AUTH0002','14','Y','Y','Y','Y','N','N','1','20230515125039','parkchar','20230609093550','FOMM0130_W'),
	 ('AUTH0002','15','Y','Y','Y','Y','N','N','1','20230515125039','parkchar','20230609093550','FOMM0130_W'),
	 ('AUTH0002','16','Y','Y','Y','Y','N','N','1','20230515125039','parkchar','20230609093550','FOMM0130_W'),
	 ('AUTH0001','2','Y','N','N','N','N','N','SYSTEM','20230420103532','1','20230421133829','SYSTEM'),
	 ('AUTH0001','4','Y','N','N','N','N','N','1','20230421133829','1','20230421133829','SYSTEM'),
	 ('AUTH0001','7','Y','N','N','N','N','N','1','20230421133829','1','20230421133829','SYSTEM'),
	 ('AUTH0001','16','Y','Y','Y','N','N','N','1','20230515125120','1','20230612135746','FOMM0130_W'),
	 ('AUTH0001','9','Y','N','N','N','N','N','1','20230421133829','1','20230511132304','FOMM0130_W'),
	 ('AUTH0001','17','Y','Y','Y','N','N','N','1','20230515125120','1','20230612135746','FOMM0130_W');
INSERT INTO fomm_auth_menu_dt (auth_id,menu_id,read_yn,write_yn,delete_yn,excl_down_yn,report_prnt_yn,file_up_yn,frid,frdt,lmid,lmdt,lmpid) VALUES
	 ('AUTH0001','3','Y','Y','Y','N','N','N','SYSTEM','20230420103532','1','20230612153225','FOMM0130_W'),
	 ('AUTH0001','12','Y','N','N','N','N','N','1','20230515130105','1','20230515130105','FOMM0130_W'),
	 ('AUTH0001','5','Y','Y','Y','N','N','N','1','20230421133829','1','20230612153225','FOMM0130_W'),
	 ('AUTH0001','6','Y','Y','Y','N','N','N','1','20230421133829','1','20230612153225','FOMM0130_W'),
	 ('AUTH0001','8','Y','Y','Y','N','N','N','1','20230421133829','1','20230612153225','FOMM0130_W'),
	 ('AUTH0001','10','Y','Y','Y','N','N','N','1','20230421133829','1','20230612153225','FOMM0130_W'),
	 ('AUTH0001','1','Y','N','N','N','N','N','SYSTEM','20230420103532','parkchar','20230518171646','FOMM0130_W'),
	 ('AUTH0001','11','Y','Y','Y','Y','N','N','1','20230511132314','1','20230602131331','FOMM0130_W'),
	 ('AUTH0001','18','Y','Y','Y','Y','N','N','1','20230602131331','1','20230602131331','FOMM0130_W'),
	 ('AUTH0001','25','Y','N','N','N','N','N','parkchar','20230607165244','parkchar','20230607165244','FOMM0130_W');
INSERT INTO fomm_auth_menu_dt (auth_id,menu_id,read_yn,write_yn,delete_yn,excl_down_yn,report_prnt_yn,file_up_yn,frid,frdt,lmid,lmdt,lmpid) VALUES
	 ('AUTH0001','20','Y','N','N','N','N','N','parkchar','20230607165244','parkchar','20230607165244','FOMM0130_W'),
	 ('AUTH0001','23','Y','N','N','N','N','N','parkchar','20230607165244','parkchar','20230607165244','FOMM0130_W'),
	 ('AUTH0001','21','Y','N','N','N','N','N','parkchar','20230607165244','parkchar','20230607165244','FOMM0130_W'),
	 ('AUTH0001','22','Y','N','N','N','N','N','parkchar','20230607165244','parkchar','20230607165244','FOMM0130_W'),
	 ('AUTH0001','26','Y','N','N','N','N','N','parkchar','20230607165244','parkchar','20230607165244','FOMM0130_W'),
	 ('AUTH0001','19','Y','N','N','N','N','N','parkchar','20230607165244','parkchar','20230607165244','FOMM0130_W'),
	 ('AUTH0001','24','Y','N','N','N','N','N','parkchar','20230607165244','parkchar','20230607165244','FOMM0130_W'),
	 ('AUTH0001','13','Y','Y','Y','Y','N','N','1','20230515125120','1','20230608084731','FOMM0130_W'),
	 ('AUTH0001','14','Y','Y','Y','N','N','N','1','20230515125120','1','20230612135746','FOMM0130_W'),
	 ('AUTH0001','15','Y','Y','Y','N','N','N','1','20230515125120','1','20230612135746','FOMM0130_W');
INSERT INTO fomm_auth_menu_dt (auth_id,menu_id,read_yn,write_yn,delete_yn,excl_down_yn,report_prnt_yn,file_up_yn,frid,frdt,lmid,lmdt,lmpid) VALUES
	 ('AUTH0001','55','Y','N','N','Y','N','N','parkchar','20230627095239','parkchar','20230627095239','FOMM0130_W'),
	 ('AUTH0001','56','Y','Y','Y','Y','Y','Y','1','20230629135354','1','20230629135354','FOMM0130_W'),
	 ('AUTH0001','46','Y','Y','N','N','N','N','parkchar','20230623144957','parkchar','20230629145448','FOMM0130_W'),
	 ('AUTH0004','13','Y','Y','Y','Y','N','N','parkchar','20230703100217','parkchar','20230703100217','FOMM0130_W'),
	 ('AUTH0004','15','Y','Y','Y','N','N','N','parkchar','20230703100226','parkchar','20230703100226','FOMM0130_W'),
	 ('AUTH0004','16','Y','Y','Y','N','N','N','parkchar','20230703100226','parkchar','20230703100226','FOMM0130_W'),
	 ('AUTH0003','7','Y','N','N','N','N','N','parkchar','20230703100959','parkchar','20230703100959','FOMM0130_W'),
	 ('AUTH0003','8','Y','Y','Y','N','N','N','parkchar','20230703101000','parkchar','20230703101000','FOMM0130_W'),
	 ('AUTH0003','9','Y','N','N','N','N','N','parkchar','20230703101000','parkchar','20230703101000','FOMM0130_W'),
	 ('AUTH0003','10','Y','Y','Y','N','N','N','parkchar','20230703101000','parkchar','20230703101000','FOMM0130_W');
INSERT INTO fomm_auth_menu_dt (auth_id,menu_id,read_yn,write_yn,delete_yn,excl_down_yn,report_prnt_yn,file_up_yn,frid,frdt,lmid,lmdt,lmpid) VALUES
	 ('AUTH0003','11','Y','Y','Y','N','N','N','parkchar','20230703101000','parkchar','20230703101000','FOMM0130_W'),
	 ('AUTH0003','12','Y','N','N','N','N','N','parkchar','20230703101009','parkchar','20230703101009','FOMM0130_W'),
	 ('AUTH0003','13','Y','N','N','N','N','N','parkchar','20230703101009','parkchar','20230703101009','FOMM0130_W'),
	 ('AUTH0004','7','Y','N','N','N','N','N','parkchar','20230703101027','parkchar','20230703101027','FOMM0130_W'),
	 ('AUTH0004','8','Y','Y','Y','N','N','N','parkchar','20230703101027','parkchar','20230703101027','FOMM0130_W'),
	 ('AUTH0004','9','Y','N','N','N','N','N','parkchar','20230703101027','parkchar','20230703101027','FOMM0130_W'),
	 ('AUTH0004','10','Y','Y','Y','N','N','N','parkchar','20230703101027','parkchar','20230703101027','FOMM0130_W'),
	 ('AUTH0004','11','Y','Y','Y','N','N','N','parkchar','20230703101027','parkchar','20230703101027','FOMM0130_W'),
	 ('AUTH0004','12','Y','N','N','N','N','N','parkchar','20230703101035','parkchar','20230703101035','FOMM0130_W'),
	 ('AUTH0004','4','Y','N','N','N','N','N','parkchar','20230703101045','parkchar','20230703101045','FOMM0130_W');
INSERT INTO fomm_auth_menu_dt (auth_id,menu_id,read_yn,write_yn,delete_yn,excl_down_yn,report_prnt_yn,file_up_yn,frid,frdt,lmid,lmdt,lmpid) VALUES
	 ('AUTH0004','2','Y','N','N','N','N','N','parkchar','20230703101103','parkchar','20230703101103','FOMM0130_W'),
	 ('AUTH0004','3','Y','Y','Y','N','N','N','parkchar','20230703101103','parkchar','20230703101103','FOMM0130_W'),
	 ('AUTH0004','5','Y','Y','Y','N','N','N','parkchar','20230703101045','parkchar','20230703101103','FOMM0130_W'),
	 ('AUTH0004','6','Y','Y','Y','N','N','N','parkchar','20230703101045','parkchar','20230703101103','FOMM0130_W'),
	 ('AUTH0004','1','Y','N','N','N','N','N','parkchar','20230703101109','parkchar','20230703101109','FOMM0130_W'),
	 ('AUTH0004','26','Y','N','N','N','N','N','parkchar','20230705150247','parkchar','20230705150247','FOMM0130_W'),
	 ('AUTH0004','40','Y','N','N','N','N','N','parkchar','20230705150247','parkchar','20230705150247','FOMM0130_W'),
	 ('AUTH0004','45','Y','Y','Y','Y','N','N','parkchar','20230705150247','parkchar','20230705150309','FOMM0130_W'),
	 ('AUTH0001','63','Y','Y','Y','Y','N','N','parkchar','20230727100029','parkchar','20230727100029','FOMM0130_W'),
	 ('AUTH0001','65','Y','Y','Y','Y','N','N','parkchar','20230727100029','parkchar','20230727100029','FOMM0130_W');
INSERT INTO fomm_auth_menu_dt (auth_id,menu_id,read_yn,write_yn,delete_yn,excl_down_yn,report_prnt_yn,file_up_yn,frid,frdt,lmid,lmdt,lmpid) VALUES
	 ('AUTH0001','57','Y','Y','Y','Y','Y','Y','1','20230706163039','1','20230706163039','FOMM0130_W'),
	 ('AUTH0001','66','Y','N','N','N','N','N','parkchar','20230727100238','parkchar','20230727100238','FOMM0130_W'),
	 ('AUTH0004','21','Y','N','N','N','N','N','test','20230712133622','test','20230712133622','FOMM0130_W'),
	 ('AUTH0004','22','Y','N','N','N','N','N','1','20230712133734','1','20230712133734','FOMM0130_W'),
	 ('AUTH0004','27','Y','N','N','N','N','N','1','20230712133734','1','20230712133734','FOMM0130_W'),
	 ('AUTH0004','31','Y','Y','Y','N','N','N','1','20230712133734','1','20230712133734','FOMM0130_W'),
	 ('AUTH0004','23','Y','N','N','N','N','N','1','20230712133734','1','20230712133734','FOMM0130_W'),
	 ('AUTH0004','28','Y','N','N','N','N','N','1','20230712133734','1','20230712133734','FOMM0130_W'),
	 ('AUTH0004','29','Y','Y','Y','Y','N','N','1','20230712133734','1','20230712133734','FOMM0130_W'),
	 ('AUTH0004','30','Y','Y','Y','Y','N','N','1','20230712133734','1','20230712133734','FOMM0130_W');
INSERT INTO fomm_auth_menu_dt (auth_id,menu_id,read_yn,write_yn,delete_yn,excl_down_yn,report_prnt_yn,file_up_yn,frid,frdt,lmid,lmdt,lmpid) VALUES
	 ('AUTH0004','41','Y','Y','Y','Y','N','N','parkchar','20230705150247','1','20230712133801','FOMM0130_W'),
	 ('AUTH0004','25','N','N','N','N','N','N','parkchar','20230705150309','test','20230712133904','FOMM0130_W'),
	 ('AUTH0004','32','N','N','N','N','N','N','parkchar','20230705150309','test','20230712133904','FOMM0130_W'),
	 ('AUTH0004','38','N','N','N','N','N','N','parkchar','20230705150309','test','20230712133904','FOMM0130_W'),
	 ('AUTH0004','39','N','N','N','N','N','N','parkchar','20230705150309','test','20230712133904','FOMM0130_W'),
	 ('AUTH0004','56','Y','N','N','N','N','N','test','20230712133622','test','20230712135419','FOMM0130_W'),
	 ('AUTH0004','62','Y','Y','Y','Y','Y','Y','test','20230712135419','test','20230712135419','FOMM0130_W'),
	 ('AUTH0001','62','Y','Y','Y','Y','Y','Y','1','20230712170728','1','20230712170728','FOMM0130_W'),
	 ('AUTH0001','64','Y','Y','Y','Y','Y','Y','1','20230725110943','1','20230725110943','FOMM0130_W'),
	 ('AUTH0004','64','Y','Y','Y','Y','Y','Y','1','20230725110958','1','20230725110958','FOMM0130_W');
INSERT INTO fomm_auth_menu_dt (auth_id,menu_id,read_yn,write_yn,delete_yn,excl_down_yn,report_prnt_yn,file_up_yn,frid,frdt,lmid,lmdt,lmpid) VALUES
	 ('AUTH0004','42','Y','Y','Y','Y','N','N','parkchar','20230726092421','parkchar','20230726092421','FOMM0130_W'),
	 ('AUTH0004','46','Y','Y','Y','Y','N','N','parkchar','20230726092421','parkchar','20230726092421','FOMM0130_W'),
	 ('AUTH0004','44','Y','Y','Y','Y','N','N','parkchar','20230726092421','parkchar','20230726092421','FOMM0130_W'),
	 ('AUTH0004','57','Y','Y','Y','Y','Y','Y','parkchar','20230726092919','parkchar','20230726092919','FOMM0130_W'),
	 ('AUTH0004','14','N','N','N','N','N','N','parkchar','20230703100226','test','20230726135049','FOMM0130_W'),
	 ('AUTH0001','58','Y','Y','Y','Y','Y','Y','1','20230802153755','1','20230802153755','FOMM0130_W'),
	 ('AUTH0001','59','Y','Y','Y','Y','Y','Y','1','20230818110049','1','20230818110049','FOMM0130_W'),
	 ('AUTH0001','60','Y','Y','Y','Y','Y','Y','1','20230821162405','1','20230821162405','FOMM0130_W'),
	 ('AUTH0001','61','Y','Y','Y','Y','Y','Y','1','20230822091117','1','20230822091117','FOMM0130_W'),
	 ('AUTH0001','69','Y','Y','Y','Y','Y','Y','1','20230825152902','1','20230825152902','FOMM0130_W');
INSERT INTO fomm_auth_menu_dt (auth_id,menu_id,read_yn,write_yn,delete_yn,excl_down_yn,report_prnt_yn,file_up_yn,frid,frdt,lmid,lmdt,lmpid) VALUES
	 ('AUTH0001','70','Y','Y','Y','Y','Y','Y','1','20230825152902','1','20230825152902','FOMM0130_W'),
	 ('AUTH0001','71','Y','Y','Y','Y','Y','Y','1','20230825152902','1','20230825152902','FOMM0130_W'),
	 ('AUTH0001','72','Y','Y','Y','Y','N','N','1','20230825171357','1','20230825171357','FOMM0130_W'),
	 ('AUTH0001','73','Y','Y','Y','Y','N','N','1','20230825171518','1','20230825171518','FOMM0130_W'),
	 ('AUTH0001','74','Y','Y','Y','Y','N','N','1','20230825171518','1','20230825171518','FOMM0130_W'),
	 ('AUTH0001','75','Y','N','N','N','N','N','1','20230828125302','1','20230828125302','FOMM0130_W'),
	 ('AUTH0001','76','Y','Y','Y','Y','Y','Y','1','20230828125302','1','20230828125302','FOMM0130_W'),
	 ('AUTH0001','77','Y','Y','Y','Y','Y','Y','1','20230828125302','1','20230828125302','FOMM0130_W'),
	 ('AUTH0001','78','Y','Y','Y','Y','Y','Y','1','20230828125302','1','20230828125302','FOMM0130_W'),
	 ('AUTH0001','80','Y','Y','Y','Y','Y','Y','1','20230828125655','1','20230828125655','FOMM0130_W');
INSERT INTO fomm_auth_menu_dt (auth_id,menu_id,read_yn,write_yn,delete_yn,excl_down_yn,report_prnt_yn,file_up_yn,frid,frdt,lmid,lmdt,lmpid) VALUES
	 ('AUTH0001','79','Y','N','N','N','N','N','1','20230828125655','1','20230828125842','FOMM0130_W'),
	 ('AUTH0001','81','Y','Y','Y','Y','Y','Y','1','20230828125842','1','20230828125842','FOMM0130_W'),
	 ('AUTH0001','52','Y','Y','Y','Y','Y','Y','parkchar','20230627095239','1','20230828131811','FOMM0130_W'),
	 ('AUTH0001','82','Y','Y','Y','Y','Y','Y','1','20230828131811','1','20230828131811','FOMM0130_W'),
	 ('AUTH0001','83','Y','Y','Y','Y','Y','Y','1','20230828131811','1','20230828131811','FOMM0130_W'),
	 ('AUTH0001','84','Y','Y','Y','Y','Y','Y','1','20230828131811','1','20230828131811','FOMM0130_W'),
	 ('AUTH0001','85','Y','N','N','N','N','N','1','20230828133232','1','20230828133232','FOMM0130_W'),
	 ('AUTH0001','68','Y','Y','Y','Y','Y','Y','parkchar','20230727100238','1','20230829092003','FOMM0130_W'),
	 ('AUTH0001','88','Y','Y','Y','Y','Y','Y','1','20230828133232','1','20230828133232','FOMM0130_W'),
	 ('AUTH0001','89','Y','Y','Y','Y','Y','Y','1','20230828133232','1','20230828133232','FOMM0130_W');
INSERT INTO fomm_auth_menu_dt (auth_id,menu_id,read_yn,write_yn,delete_yn,excl_down_yn,report_prnt_yn,file_up_yn,frid,frdt,lmid,lmdt,lmpid) VALUES
	 ('AUTH0001','90','Y','Y','Y','Y','Y','Y','1','20230828133233','1','20230828133233','FOMM0130_W'),
	 ('AUTH0001','86','Y','N','N','N','N','N','1','20230828133233','1','20230828133233','FOMM0130_W'),
	 ('AUTH0001','91','Y','Y','Y','Y','Y','Y','1','20230828133233','1','20230828133233','FOMM0130_W'),
	 ('AUTH0001','92','Y','Y','Y','Y','Y','Y','1','20230828133233','1','20230828133233','FOMM0130_W'),
	 ('AUTH0001','93','Y','Y','Y','Y','Y','Y','1','20230828133233','1','20230828133233','FOMM0130_W'),
	 ('AUTH0001','87','Y','N','N','N','N','N','1','20230828133402','1','20230828133402','FOMM0130_W'),
	 ('AUTH0001','94','Y','Y','Y','Y','Y','Y','1','20230828133402','1','20230828133402','FOMM0130_W'),
	 ('AUTH0001','95','Y','Y','Y','Y','Y','Y','1','20230828133402','1','20230828133402','FOMM0130_W'),
	 ('AUTH0001','96','Y','Y','Y','Y','Y','Y','1','20230828133402','1','20230828133402','FOMM0130_W'),
	 ('AUTH0001','97','Y','N','N','N','N','N','1','20230828133842','1','20230828133842','FOMM0130_W');
INSERT INTO fomm_auth_menu_dt (auth_id,menu_id,read_yn,write_yn,delete_yn,excl_down_yn,report_prnt_yn,file_up_yn,frid,frdt,lmid,lmdt,lmpid) VALUES
	 ('AUTH0001','98','Y','Y','Y','Y','Y','Y','1','20230828133842','1','20230828133842','FOMM0130_W'),
	 ('AUTH0001','99','Y','Y','Y','Y','Y','Y','1','20230828133842','1','20230828133842','FOMM0130_W'),
	 ('AUTH0001','100','Y','Y','Y','Y','Y','Y','1','20230828140253','1','20230828140253','FOMM0130_W'),
	 ('AUTH0001','67','Y','Y','Y','Y','Y','Y','parkchar','20230727100238','1','20230829092003','FOMM0130_W'),
	 ('AUTH0006','58','Y','Y','Y','Y','Y','Y','1','20230829144736','1','20230829144736','FOMM0130_W');

----------------------------------------------------------------- 한진 DMS 기준 데이터 끝 ----------------------------------------------------------------